{"type": "FeatureCollection","features": [{"type": "Feature", "geometry": {"type":"Point","coordinates":[92.5207528,26.2292919]}, "properties": {"osm_id": 11116277110, "osm_type": "nodes", "amenity": "police", "name": "Raha Police Station", "building": null, "emergency": null}},{"type": "Feature", "geometry": {"type":"Point","coordinates":[90.6569755,27.2149026]}, "properties": {"osm_id": 10187911217, "osm_type": "nodes", "amenity": null, "name": null, "building": null, "emergency": "fire_hydrant"}},{"type": "Feature", "geometry": {"type":"Point","coordinates":[91.5785497,27.4373458]}, "properties": {"osm_id": 6230350030, "osm_type": "nodes", "amenity": "police", "name": "RBP", "building": null, "emergency": null}},{"type": "Feature", "geometry": {"type":"Point","coordinates":[90.5039948,27.5045112]}, "properties": {"osm_id": 9748715673, "osm_type": "nodes", "amenity": "police", "name": "police colony", "building": null, "emergency": null}},{"type": "Feature", "geometry": {"type":"Point","coordinates":[91.8314579,26.1166579]}, "properties": {"osm_id": 4905334117, "osm_type": "nodes", "amenity": "police", "name": "Khanapara Police Station", "building": null, "emergency": null}},{"type": "Feature", "geometry": {"type":"Point","coordinates":[89.8815224,27.0719497]}, "properties": {"osm_id": 10243766509, "osm_type": "nodes", "amenity": "police", "name": "police station dagana", "building": null, "emergency": null}},{"type": "Feature", "geometry": {"type":"Point","coordinates":[89.8794141,27.0725569]}, "properties": {"osm_id": 10243715009, "osm_type": "nodes", "amenity": "fire_station", "name": null, "building": null, "emergency": null}},{"type": "Feature", "geometry": {"type":"Point","coordinates":[91.7878252,26.4516961]}, "properties": {"osm_id": 4612201889, "osm_type": "nodes", "amenity": "police", "name": "Burha Police Outpost", "building": null, "emergency": null}},{"type": "Feature", "geometry": {"type":"Point","coordinates":[94.1774577,26.7490914]}, "properties": {"osm_id": 2383182545, "osm_type": "nodes", "amenity": "hospital", "name": "IMSR", "building": null, "emergency": "yes"}},{"type": "Feature", "geometry": {"type":"Point","coordinates":[94.2127683,26.7157686]}, "properties": {"osm_id": 4089848038, "osm_type": "nodes", "amenity": "police", "name": "Baghchung Police station", "building": null, "emergency": null}},{"type": "Feature", "geometry": {"type":"Point","coordinates":[91.9261742,24.872695]}, "properties": {"osm_id": 4704698014, "osm_type": "nodes", "amenity": "police", "name": null, "building": null, "emergency": null}},{"type": "Feature", "geometry": {"type":"Point","coordinates":[91.7335547,24.3107297]}, "properties": {"osm_id": 7385965799, "osm_type": "nodes", "amenity": "hospital", "name": "Dipshikha Infertility Center", "building": null, "emergency": "no"}},{"type": "Feature", "geometry": {"type":"Point","coordinates":[91.7263998,24.3092241]}, "properties": {"osm_id": 4871970248, "osm_type": "nodes", "amenity": "fire_station", "name": "Fire Service and Civil Defence", "building": null, "emergency": null}},{"type": "Feature", "geometry": {"type":"Point","coordinates":[91.5037985,26.7945994]}, "properties": {"osm_id": 4376993579, "osm_type": "nodes", "amenity": "police", "name": "Royal Bhutan Police", "building": null, "emergency": null}},{"type": "Feature", "geometry": {"type":"Point","coordinates":[96.013021,27.3569512]}, "properties": {"osm_id": 4193265175, "osm_type": "nodes", "amenity": "police", "name": null, "building": null, "emergency": null}},{"type": "Feature", "geometry": {"type":"Point","coordinates":[94.5177439,26.3243522]}, "properties": {"osm_id": 2689917278, "osm_type": "nodes", "amenity": "hospital", "name": "Doctor's Clinic & Mediciner", "building": null, "emergency": "no"}},{"type": "Feature", "geometry": {"type":"Point","coordinates":[94.5217855,26.3240761]}, "properties": {"osm_id": 2686563541, "osm_type": "nodes", "amenity": "hospital", "name": "Modern Clinic", "building": null, "emergency": "no"}},{"type": "Feature", "geometry": {"type":"Point","coordinates":[94.5315681,26.3297468]}, "properties": {"osm_id": 2717151882, "osm_type": "nodes", "amenity": "fire_station", "name": "Fire Station", "building": null, "emergency": null}},{"type": "Feature", "geometry": {"type":"Point","coordinates":[94.4130927,26.5068894]}, "properties": {"osm_id": 4101022014, "osm_type": "nodes", "amenity": "hospital", "name": "Govt Dispensary", "building": null, "emergency": "no"}},{"type": "Feature", "geometry": {"type":"Point","coordinates":[91.9134234,25.568294]}, "properties": {"osm_id": 6959899656, "osm_type": "nodes", "amenity": "police", "name": "Rynjah Police Station", "building": null, "emergency": null}},{"type": "Feature", "geometry": {"type":"Point","coordinates":[94.107951,25.7063586]}, "properties": {"osm_id": 6255339638, "osm_type": "nodes", "amenity": "police", "name": "CRPF Camp", "building": null, "emergency": null}},{"type": "Feature", "geometry": {"type":"Point","coordinates":[94.1040787,25.7135089]}, "properties": {"osm_id": 6255335872, "osm_type": "nodes", "amenity": "fire_station", "name": "Fire Brigade", "building": null, "emergency": null}},{"type": "Feature", "geometry": {"type":"Point","coordinates":[94.051732,25.845613]}, "properties": {"osm_id": 8148438002, "osm_type": "nodes", "amenity": "police", "name": "Zhadima IRB", "building": null, "emergency": null}},{"type": "Feature", "geometry": {"type":"Point","coordinates":[91.7511771,24.7206658]}, "properties": {"osm_id": 5166969488, "osm_type": "nodes", "amenity": "fire_station", "name": "Osmani Nogor Fire Station", "building": null, "emergency": null}},{"type": "Feature", "geometry": {"type":"Point","coordinates":[91.7657941,24.4794993]}, "properties": {"osm_id": 4595997864, "osm_type": "nodes", "amenity": "police", "name": "Moulvibazar Police Station", "building": null, "emergency": null}},{"type": "Feature", "geometry": {"type":"Point","coordinates":[91.7656209,24.4770905]}, "properties": {"osm_id": 8064477261, "osm_type": "nodes", "amenity": "hospital", "name": "Mamun Private Hospital", "building": null, "emergency": "yes"}},{"type": "Feature", "geometry": {"type":"Point","coordinates":[90.6426675,24.4147913]}, "properties": {"osm_id": 5879361134, "osm_type": "nodes", "amenity": "police", "name": "Police BOx", "building": null, "emergency": null}},{"type": "Feature", "geometry": {"type":"Point","coordinates":[90.5541893,24.4519652]}, "properties": {"osm_id": 5742032730, "osm_type": "nodes", "amenity": "police", "name": "Goforgoan Police Station", "building": null, "emergency": null}},{"type": "Feature", "geometry": {"type":"Point","coordinates":[91.5777919,25.2940296]}, "properties": {"osm_id": 8677986393, "osm_type": "nodes", "amenity": "police", "name": "Mawsynram Police Station", "building": null, "emergency": null}},{"type": "Feature", "geometry": {"type":"Point","coordinates":[92.0968584,25.2873638]}, "properties": {"osm_id": 7577517041, "osm_type": "nodes", "amenity": "hospital", "name": "Rasongsli Nursing Home", "building": null, "emergency": "yes"}},{"type": "Feature", "geometry": {"type":"Point","coordinates":[94.101648,25.6531047]}, "properties": {"osm_id": 6255305453, "osm_type": "nodes", "amenity": "police", "name": "South Police Station", "building": null, "emergency": null}},{"type": "Feature", "geometry": {"type":"Point","coordinates":[94.0259444,25.0594075]}, "properties": {"osm_id": 5025639061, "osm_type": "nodes", "amenity": "police", "name": "Saikul Police Station", "building": null, "emergency": null}},{"type": "Feature", "geometry": {"type":"Point","coordinates":[93.1541213,24.7862086]}, "properties": {"osm_id": 7274012093, "osm_type": "nodes", "amenity": "police", "name": null, "building": null, "emergency": null}},{"type": "Feature", "geometry": {"type":"Point","coordinates":[89.8599109,25.636429]}, "properties": {"osm_id": 5646133139, "osm_type": "nodes", "amenity": null, "name": "Water tank", "building": null, "emergency": "water_tank"}},{"type": "Feature", "geometry": {"type":"Point","coordinates":[93.7274733,24.7916951]}, "properties": {"osm_id": 7274012092, "osm_type": "nodes", "amenity": "police", "name": null, "building": null, "emergency": null}},{"type": "Feature", "geometry": {"type":"Point","coordinates":[93.6954998,24.7925035]}, "properties": {"osm_id": 7274014786, "osm_type": "nodes", "amenity": "police", "name": null, "building": null, "emergency": null}},{"type": "Feature", "geometry": {"type":"Point","coordinates":[93.5596704,24.8211737]}, "properties": {"osm_id": 7274012087, "osm_type": "nodes", "amenity": "police", "name": null, "building": null, "emergency": null}},{"type": "Feature", "geometry": {"type":"Point","coordinates":[93.6278182,24.8427199]}, "properties": {"osm_id": 7274014785, "osm_type": "nodes", "amenity": "police", "name": "Rani Gaidinliu Dwar", "building": null, "emergency": null}},{"type": "Feature", "geometry": {"type":"Point","coordinates":[90.8882014,24.8981917]}, "properties": {"osm_id": 5896872874, "osm_type": "nodes", "amenity": "police", "name": "Barhatta Police Station", "building": null, "emergency": null}},{"type": "Feature", "geometry": {"type":"Point","coordinates":[90.9814683,24.8744054]}, "properties": {"osm_id": 2409429493, "osm_type": "nodes", "amenity": "police", "name": "Mohangonj Police Station", "building": null, "emergency": null}},{"type": "Feature", "geometry": {"type":"Point","coordinates":[90.7254624,24.867291]}, "properties": {"osm_id": 5743011174, "osm_type": "nodes", "amenity": "police", "name": "Netrokona Police Lines", "building": null, "emergency": null}},{"type": "Feature", "geometry": {"type":"Point","coordinates":[90.7282748,24.8724]}, "properties": {"osm_id": 3562915793, "osm_type": "nodes", "amenity": "police", "name": "Netrokona Sadar Police Station", "building": null, "emergency": null}},{"type": "Feature", "geometry": {"type":"Point","coordinates":[90.7075547,24.868829]}, "properties": {"osm_id": 5739429210, "osm_type": "nodes", "amenity": "police", "name": "BGB Camp", "building": null, "emergency": null}},{"type": "Feature", "geometry": {"type":"Point","coordinates":[90.1790297,24.9688831]}, "properties": {"osm_id": 2797968811, "osm_type": "nodes", "amenity": "police", "name": "Nakla Police Station", "building": null, "emergency": null}},{"type": "Feature", "geometry": {"type":"Point","coordinates":[94.1093023,25.6757672]}, "properties": {"osm_id": 6255324389, "osm_type": "nodes", "amenity": "police", "name": "North Police Station", "building": null, "emergency": null}},{"type": "Feature", "geometry": {"type":"Point","coordinates":[94.1056576,25.6688782]}, "properties": {"osm_id": 6763195716, "osm_type": "nodes", "amenity": "hospital", "name": "Oking Hospital And Research Clinic Pvt Ltd", "building": null, "emergency": "yes"}},{"type": "Feature", "geometry": {"type":"Point","coordinates":[92.8074628,24.8397832]}, "properties": {"osm_id": 3921091034, "osm_type": "nodes", "amenity": "police", "name": "Malugram Police Outpost", "building": null, "emergency": null}},{"type": "Feature", "geometry": {"type":"Point","coordinates":[90.6730934,24.9000468]}, "properties": {"osm_id": 6907583563, "osm_type": "nodes", "amenity": null, "name": null, "building": null, "emergency": "fire_water_pond"}},{"type": "Feature", "geometry": {"type":"Point","coordinates":[90.6831464,24.855932]}, "properties": {"osm_id": 6907588900, "osm_type": "nodes", "amenity": null, "name": null, "building": null, "emergency": "fire_water_pond"}},{"type": "Feature", "geometry": {"type":"Point","coordinates":[90.6840701,24.8309817]}, "properties": {"osm_id": 6907594889, "osm_type": "nodes", "amenity": null, "name": "Dakkhin bisura", "building": null, "emergency": "fire_water_pond"}},{"type": "Feature", "geometry": {"type":"Point","coordinates":[93.9211534,24.7868004]}, "properties": {"osm_id": 6387635527, "osm_type": "nodes", "amenity": "police", "name": "Kwakeithel Police Station", "building": null, "emergency": null}},{"type": "Feature", "geometry": {"type":"Point","coordinates":[93.9801317,24.7551637]}, "properties": {"osm_id": 3778748287, "osm_type": "nodes", "amenity": "police", "name": "Irilbung police station", "building": null, "emergency": null}},{"type": "Feature", "geometry": {"type":"Point","coordinates":[93.7617655,24.6189982]}, "properties": {"osm_id": 6387635522, "osm_type": "nodes", "amenity": "police", "name": "Bishnupur Police Station", "building": null, "emergency": null}},{"type": "Feature", "geometry": {"type":"Point","coordinates":[93.2600972,24.7199998]}, "properties": {"osm_id": 7274014285, "osm_type": "nodes", "amenity": "police", "name": "Kaimai Checkpoint", "building": null, "emergency": null}},{"type": "Feature", "geometry": {"type":"Point","coordinates":[93.792476,24.7718351]}, "properties": {"osm_id": 7274014787, "osm_type": "nodes", "amenity": "police", "name": null, "building": null, "emergency": null}},{"type": "Feature", "geometry": {"type":"Point","coordinates":[93.8423371,24.7206693]}, "properties": {"osm_id": 6387635523, "osm_type": "nodes", "amenity": "police", "name": null, "building": null, "emergency": null}},{"type": "Feature", "geometry": {"type":"Point","coordinates":[90.4139061,24.2171503]}, "properties": {"osm_id": 5211894390, "osm_type": "nodes", "amenity": "police", "name": "Mawna Highway Police Station মাওনা হাইওয়ে থানা", "building": null, "emergency": null}},{"type": "Feature", "geometry": {"type":"Point","coordinates":[91.0540632,24.4174846]}, "properties": {"osm_id": 6164254514, "osm_type": "nodes", "amenity": "police", "name": "Mithamoin Police Station", "building": null, "emergency": null}},{"type": "Feature", "geometry": {"type":"Point","coordinates":[89.843626,24.7700878]}, "properties": {"osm_id": 4610106101, "osm_type": "nodes", "amenity": "fire_station", "name": "Sarishabari Fire Service And Civil Defence Station", "building": null, "emergency": null}},{"type": "Feature", "geometry": {"type":"Point","coordinates":[89.9513439,24.9213043]}, "properties": {"osm_id": 8042827935, "osm_type": "nodes", "amenity": "fire_station", "name": "Jamalpur Fire Service & Civil Defense", "building": null, "emergency": null}},{"type": "Feature", "geometry": {"type":"Point","coordinates":[91.861124,24.8990917]}, "properties": {"osm_id": 3718770651, "osm_type": "nodes", "amenity": "police", "name": "Police Lines, Sylhet Range", "building": null, "emergency": null}},{"type": "Feature", "geometry": {"type":"Point","coordinates":[90.7982576,24.244316]}, "properties": {"osm_id": 5703017503, "osm_type": "nodes", "amenity": "police", "name": "Kotiyadi Model Thana", "building": null, "emergency": null}},{"type": "Feature", "geometry": {"type":"Point","coordinates":[90.6806454,24.3281776]}, "properties": {"osm_id": 5673120079, "osm_type": "nodes", "amenity": "police", "name": "Pakundia Police Station", "building": null, "emergency": null}},{"type": "Feature", "geometry": {"type":"Point","coordinates":[90.4123025,24.7576475]}, "properties": {"osm_id": 2818634401, "osm_type": "nodes", "amenity": "police", "name": "Kotwali Thana", "building": null, "emergency": null}},{"type": "Feature", "geometry": {"type":"Point","coordinates":[89.9197565,24.25061]}, "properties": {"osm_id": 2798152374, "osm_type": "nodes", "amenity": "fire_station", "name": "Fire Service and Civil Defence", "building": null, "emergency": null}},{"type": "Feature", "geometry": {"type":"Point","coordinates":[93.9610084,26.498313]}, "properties": {"osm_id": 7037458773, "osm_type": "nodes", "amenity": "fire_station", "name": "Golaghat Fire Brigade", "building": null, "emergency": null}},{"type": "Feature", "geometry": {"type":"Point","coordinates":[89.9137336,24.246758]}, "properties": {"osm_id": 2799212594, "osm_type": "nodes", "amenity": "police", "name": "Tangail Police Station", "building": null, "emergency": null}},{"type": "Feature", "geometry": {"type":"Point","coordinates":[91.7868419,26.1266082]}, "properties": {"osm_id": 4920050258, "osm_type": "nodes", "amenity": "police", "name": "hatigaon police station", "building": null, "emergency": null}},{"type": "Feature", "geometry": {"type":"Point","coordinates":[95.80629,27.6360405]}, "properties": {"osm_id": 1740002004, "osm_type": "nodes", "amenity": "police", "name": null, "building": null, "emergency": null}},{"type": "Feature", "geometry": {"type":"Point","coordinates":[94.9151069,27.1843431]}, "properties": {"osm_id": 980057167, "osm_type": "nodes", "amenity": "police", "name": null, "building": null, "emergency": null}},{"type": "Feature", "geometry": {"type":"Point","coordinates":[92.7969708,26.6230515]}, "properties": {"osm_id": 3555178742, "osm_type": "nodes", "amenity": "police", "name": "Tezpur Police Station", "building": null, "emergency": null}},{"type": "Feature", "geometry": {"type":"Point","coordinates":[95.0743345,27.7513277]}, "properties": {"osm_id": 5843503271, "osm_type": "nodes", "amenity": "police", "name": "Laimekuri Police Outpost", "building": null, "emergency": null}},{"type": "Feature", "geometry": {"type":"Point","coordinates":[95.2297032,27.822811]}, "properties": {"osm_id": 3546863557, "osm_type": "nodes", "amenity": "police", "name": "Jonai Police Station", "building": null, "emergency": null}},{"type": "Feature", "geometry": {"type":"Point","coordinates":[93.5902534,26.9590547]}, "properties": {"osm_id": 11285583169, "osm_type": "nodes", "amenity": "police", "name": "Hollongi Police Checkpoint", "building": null, "emergency": null}},{"type": "Feature", "geometry": {"type":"Point","coordinates":[90.658461,27.2151583]}, "properties": {"osm_id": 10187911817, "osm_type": "nodes", "amenity": null, "name": null, "building": null, "emergency": "fire_hydrant"}},{"type": "Feature", "geometry": {"type":"Point","coordinates":[92.4220829,27.2653513]}, "properties": {"osm_id": 6938944733, "osm_type": "nodes", "amenity": "police", "name": "Bomdila Police Station", "building": null, "emergency": null}},{"type": "Feature", "geometry": {"type":"Point","coordinates":[92.3410649,26.2503662]}, "properties": {"osm_id": 13958505401, "osm_type": "nodes", "amenity": "police", "name": "Morigaon Police Station (মৰিগাওঁ আৰক্ষী নিৱেশ)", "building": null, "emergency": null}},{"type": "Feature", "geometry": {"type":"Point","coordinates":[92.3559713,26.2539351]}, "properties": {"osm_id": 13958510201, "osm_type": "nodes", "amenity": "police", "name": "Morigaon Police Reserve (মৰিগাওঁ আৰক্ষী চকী)", "building": null, "emergency": null}},{"type": "Feature", "geometry": {"type":"Point","coordinates":[95.2300422,27.8224397]}, "properties": {"osm_id": 3546863558, "osm_type": "nodes", "amenity": "fire_station", "name": "Jonai Fire Service Station", "building": null, "emergency": null}},{"type": "Feature", "geometry": {"type":"Point","coordinates":[91.7548577,26.1428801]}, "properties": {"osm_id": 6132273487, "osm_type": "nodes", "amenity": "police", "name": "4th APBn", "building": null, "emergency": null}},{"type": "Feature", "geometry": {"type":"Point","coordinates":[91.7372664,26.1825586]}, "properties": {"osm_id": 13522423677, "osm_type": "nodes", "amenity": "police", "name": "Fancy bazaar police out post", "building": null, "emergency": null}},{"type": "Feature", "geometry": {"type":"Point","coordinates":[91.7519146,26.1899395]}, "properties": {"osm_id": 13511238160, "osm_type": "nodes", "amenity": "police", "name": "Latasil Police Station", "building": null, "emergency": null}},{"type": "Feature", "geometry": {"type":"Point","coordinates":[91.7519449,26.1900236]}, "properties": {"osm_id": 13522626388, "osm_type": "nodes", "amenity": "police", "name": "Latasil Police Station", "building": null, "emergency": null}},{"type": "Feature", "geometry": {"type":"Point","coordinates":[95.3569119,27.4879061]}, "properties": {"osm_id": 1014526717, "osm_type": "nodes", "amenity": "police", "name": "Tinsukia Police Station", "building": null, "emergency": null}},{"type": "Feature", "geometry": {"type":"Point","coordinates":[95.3390824,27.4819529]}, "properties": {"osm_id": 1739986507, "osm_type": "nodes", "amenity": "police", "name": "Hijapuri Police", "building": null, "emergency": null}},{"type": "Feature", "geometry": {"type":"Point","coordinates":[93.8425804,26.247473]}, "properties": {"osm_id": 13383222095, "osm_type": "nodes", "amenity": null, "name": null, "building": null, "emergency": "fire_service_inlet"}},{"type": "Feature", "geometry": {"type":"Point","coordinates":[89.7008562,24.45805]}, "properties": {"osm_id": 5224761462, "osm_type": "nodes", "amenity": "police", "name": "সিরাজগঞ্জ থানা", "building": null, "emergency": null}},{"type": "Feature", "geometry": {"type":"Point","coordinates":[94.1360744,25.5145013]}, "properties": {"osm_id": 12558481702, "osm_type": "nodes", "amenity": "police", "name": "Tourist Registration Checkpoint", "building": null, "emergency": null}},{"type": "Feature", "geometry": {"type":"Point","coordinates":[92.5260134,26.2340279]}, "properties": {"osm_id": 11133587107, "osm_type": "nodes", "amenity": "fire_station", "name": "Fire and Emergency Services Station, Raha", "building": null, "emergency": null}},{"type": "Feature", "geometry": {"type":"Point","coordinates":[90.8263859,24.65528]}, "properties": {"osm_id": 5868212538, "osm_type": "nodes", "amenity": "fire_station", "name": "Kendua Upazila Fire Service", "building": null, "emergency": null}},{"type": "Feature", "geometry": {"type":"Point","coordinates":[91.8365116,24.6549969]}, "properties": {"osm_id": 9692896252, "osm_type": "nodes", "amenity": "hospital", "name": "Balaganj Upazila Health Complex", "building": null, "emergency": "yes"}},{"type": "Feature", "geometry": {"type":"Point","coordinates":[91.7633521,26.1728706]}, "properties": {"osm_id": 12973082004, "osm_type": "nodes", "amenity": "police", "name": "state police accountability commission, assam", "building": null, "emergency": null}},{"type": "Feature", "geometry": {"type":"Point","coordinates":[89.913974,24.2464231]}, "properties": {"osm_id": 12595553359, "osm_type": "nodes", "amenity": "police", "name": "Tangail Sadar Thana, State police", "building": null, "emergency": null}},{"type": "Feature", "geometry": {"type":"Point","coordinates":[94.3033466,24.2147771]}, "properties": {"osm_id": 7138539459, "osm_type": "nodes", "amenity": "fire_station", "name": null, "building": null, "emergency": null}},{"type": "Feature", "geometry": {"type":"Point","coordinates":[94.1290783,24.9136989]}, "properties": {"osm_id": 12473296804, "osm_type": "nodes", "amenity": "police", "name": "Yaingangpokpi PS", "building": null, "emergency": null}},{"type": "Feature", "geometry": {"type":"Point","coordinates":[92.3642292,24.8842777]}, "properties": {"osm_id": 2332872340, "osm_type": "nodes", "amenity": "hospital", "name": "Zakiganj Upazila Health Complex", "building": null, "emergency": "yes"}},{"type": "Feature", "geometry": {"type":"Point","coordinates":[91.8777267,24.8918061]}, "properties": {"osm_id": 3720274144, "osm_type": "nodes", "amenity": "hospital", "name": "IBN SINA Hospital", "building": null, "emergency": "yes"}},{"type": "Feature", "geometry": {"type":"Point","coordinates":[92.0323837,25.1830615]}, "properties": {"osm_id": 6104810085, "osm_type": "nodes", "amenity": "police", "name": null, "building": null, "emergency": null}},{"type": "Feature", "geometry": {"type":"Point","coordinates":[92.0319385,25.1832719]}, "properties": {"osm_id": 5158255558, "osm_type": "nodes", "amenity": "police", "name": "Tamabil Immigration Office", "building": null, "emergency": null}},{"type": "Feature", "geometry": {"type":"Point","coordinates":[90.061962,25.1880249]}, "properties": {"osm_id": 12800196247, "osm_type": "nodes", "amenity": "police", "name": "Jhenaigati Police Station, Police station", "building": null, "emergency": null}},{"type": "Feature", "geometry": {"type":"Point","coordinates":[91.511283,27.2795834]}, "properties": {"osm_id": 4855461193, "osm_type": "nodes", "amenity": "police", "name": "Community Police Center", "building": null, "emergency": null}},{"type": "Feature", "geometry": {"type":"Point","coordinates":[92.9532294,24.2219719]}, "properties": {"osm_id": 10807361351, "osm_type": "nodes", "amenity": "police", "name": "Sakawrdai Police  Station", "building": null, "emergency": null}},{"type": "Feature", "geometry": {"type":"Point","coordinates":[92.8059612,26.8205347]}, "properties": {"osm_id": 10561584290, "osm_type": "nodes", "amenity": null, "name": null, "building": null, "emergency": "water_tank"}},{"type": "Feature", "geometry": {"type":"Point","coordinates":[91.9073519,25.5826709]}, "properties": {"osm_id": 6959528088, "osm_type": "nodes", "amenity": "police", "name": "Nongmensong Police Outpost", "building": null, "emergency": null}},{"type": "Feature", "geometry": {"type":"Point","coordinates":[91.8592555,24.899578]}, "properties": {"osm_id": 3715197755, "osm_type": "nodes", "amenity": "hospital", "name": "Police Lines Hospital", "building": null, "emergency": "yes"}},{"type": "Feature", "geometry": {"type":"Point","coordinates":[90.4284373,24.7424076]}, "properties": {"osm_id": 5568670277, "osm_type": "nodes", "amenity": null, "name": null, "building": null, "emergency": "water_tank"}},{"type": "Feature", "geometry": {"type":"Point","coordinates":[94.0424353,25.7207227]}, "properties": {"osm_id": 6255099036, "osm_type": "nodes", "amenity": "police", "name": "Police Station", "building": null, "emergency": null}},{"type": "Feature", "geometry": {"type":"Point","coordinates":[90.6968468,24.1415653]}, "properties": {"osm_id": 3940943314, "osm_type": "nodes", "amenity": "police", "name": "Monohardi Police Station", "building": null, "emergency": null}},{"type": "Feature", "geometry": {"type":"Point","coordinates":[94.2867012,27.0078197]}, "properties": {"osm_id": 11264791081, "osm_type": "nodes", "amenity": null, "name": null, "building": null, "emergency": "fire_service_inlet"}},{"type": "Feature", "geometry": {"type":"Point","coordinates":[93.9617614,26.5769531]}, "properties": {"osm_id": 13382898794, "osm_type": "nodes", "amenity": null, "name": null, "building": null, "emergency": "fire_service_inlet"}},{"type": "Feature", "geometry": {"type":"Point","coordinates":[95.7541968,27.9676052]}, "properties": {"osm_id": 13450247297, "osm_type": "nodes", "amenity": "police", "name": "Shantipur Police Outpost", "building": null, "emergency": null}},{"type": "Feature", "geometry": {"type":"Point","coordinates":[90.5927561,24.6842107]}, "properties": {"osm_id": 6833668135, "osm_type": "nodes", "amenity": "police", "name": "Ishwarganj Upazila Police Station", "building": null, "emergency": null}},{"type": "Feature", "geometry": {"type":"Point","coordinates":[93.0153112,24.8244991]}, "properties": {"osm_id": 2389291420, "osm_type": "nodes", "amenity": "hospital", "name": "Emanuel Hospital, Pailapool", "building": null, "emergency": "yes"}},{"type": "Feature", "geometry": {"type":"Point","coordinates":[93.0026068,24.7925609]}, "properties": {"osm_id": 2388196226, "osm_type": "nodes", "amenity": "fire_station", "name": "Fire Brigade", "building": null, "emergency": null}},{"type": "Feature", "geometry": {"type":"Point","coordinates":[93.0028667,24.79231]}, "properties": {"osm_id": 2387268456, "osm_type": "nodes", "amenity": "police", "name": "Police Station", "building": null, "emergency": null}},{"type": "Feature", "geometry": {"type":"Point","coordinates":[90.185374,24.9657896]}, "properties": {"osm_id": 12782546756, "osm_type": "nodes", "amenity": "fire_station", "name": "Nakla Upzilla Fire Station, Fire station", "building": null, "emergency": null}},{"type": "Feature", "geometry": {"type":"Point","coordinates":[90.0148283,25.0210917]}, "properties": {"osm_id": 12738884044, "osm_type": "nodes", "amenity": "police", "name": "District Special Branch, Federal police", "building": null, "emergency": null}},{"type": "Feature", "geometry": {"type":"Point","coordinates":[90.0659935,25.182485]}, "properties": {"osm_id": 2332856895, "osm_type": "nodes", "amenity": "hospital", "name": "উপজেলা স্বাস্থ্য কমপ্লেক্স, ঝিনাইগাতী", "building": null, "emergency": "yes"}},{"type": "Feature", "geometry": {"type":"Point","coordinates":[93.4308905,25.8347299]}, "properties": {"osm_id": 12350533316, "osm_type": "nodes", "amenity": "police", "name": "police reserve playground", "building": null, "emergency": null}},{"type": "Feature", "geometry": {"type":"Point","coordinates":[91.3687608,24.5217895]}, "properties": {"osm_id": 6656666615, "osm_type": "nodes", "amenity": "police", "name": "Baniachang Police Station", "building": null, "emergency": null}},{"type": "Feature", "geometry": {"type":"Point","coordinates":[89.9285976,24.562116]}, "properties": {"osm_id": 4084387138, "osm_type": "nodes", "amenity": "police", "name": "Gopalpur Police Station", "building": null, "emergency": null}},{"type": "Feature", "geometry": {"type":"Point","coordinates":[91.8728956,25.5803352]}, "properties": {"osm_id": 6960053164, "osm_type": "nodes", "amenity": "police", "name": "Lumdiengjri Police Station", "building": null, "emergency": null}},{"type": "Feature", "geometry": {"type":"Point","coordinates":[89.9512086,24.9211663]}, "properties": {"osm_id": 12692495931, "osm_type": "nodes", "amenity": "fire_station", "name": "Jamalpur Fire Service And Civil Defense Station, Fire station", "building": null, "emergency": null}},{"type": "Feature", "geometry": {"type":"Point","coordinates":[93.0164726,25.2150877]}, "properties": {"osm_id": 11027613505, "osm_type": "nodes", "amenity": "police", "name": "5th Assam Police Battalion", "building": null, "emergency": null}},{"type": "Feature", "geometry": {"type":"Point","coordinates":[93.111759,24.8076074]}, "properties": {"osm_id": 7021302540, "osm_type": "nodes", "amenity": "police", "name": "Check post - foreigners registration", "building": null, "emergency": null}},{"type": "Feature", "geometry": {"type":"Point","coordinates":[92.7737811,24.5123547]}, "properties": {"osm_id": 13091853574, "osm_type": "nodes", "amenity": "police", "name": null, "building": null, "emergency": null}},{"type": "Feature", "geometry": {"type":"Point","coordinates":[92.1841499,24.6941558]}, "properties": {"osm_id": 13176643020, "osm_type": "nodes", "amenity": "police", "name": "Barlekha Police Station, Police station", "building": null, "emergency": null}},{"type": "Feature", "geometry": {"type":"Point","coordinates":[90.7787831,24.436166]}, "properties": {"osm_id": 13844383501, "osm_type": "nodes", "amenity": "fire_station", "name": "Fire Service and Civil Defense ফায়ার সার্ভিস অ্যান্ড সিভিল ডিফেন্স", "building": null, "emergency": null}},{"type": "Feature", "geometry": {"type":"Point","coordinates":[90.7803243,24.4379908]}, "properties": {"osm_id": 13844424501, "osm_type": "nodes", "amenity": "police", "name": "Kishoreganj Model Police Station কিশোরগঞ্জ মডেল থানা", "building": null, "emergency": null}},{"type": "Feature", "geometry": {"type":"Point","coordinates":[92.5570273,24.8695991]}, "properties": {"osm_id": 7138559487, "osm_type": "nodes", "amenity": "police", "name": "Badarpur Police Station", "building": null, "emergency": null}},{"type": "Feature", "geometry": {"type":"Point","coordinates":[95.3282384,27.5027858]}, "properties": {"osm_id": 5464021858, "osm_type": "nodes", "amenity": "police", "name": "Office of the Superintendent of Police", "building": null, "emergency": null}},{"type": "Feature", "geometry": {"type":"Point","coordinates":[92.7939251,24.7790861]}, "properties": {"osm_id": 3921090343, "osm_type": "nodes", "amenity": "police", "name": "Ghungoor Police Outpost", "building": null, "emergency": null}},{"type": "Feature", "geometry": {"type":"Point","coordinates":[91.8801888,24.8878229]}, "properties": {"osm_id": 9603054353, "osm_type": "nodes", "amenity": "hospital", "name": "Oyesis Hospital", "building": null, "emergency": "yes"}},{"type": "Feature", "geometry": {"type":"Point","coordinates":[93.0190969,25.1680766]}, "properties": {"osm_id": 10221832524, "osm_type": "nodes", "amenity": "police", "name": "Haflong Police Station", "building": null, "emergency": null}},{"type": "Feature", "geometry": {"type":"Point","coordinates":[90.4137388,24.217231]}, "properties": {"osm_id": 12155192511, "osm_type": "nodes", "amenity": "police", "name": "Mawna Highway Police Station, Police station", "building": null, "emergency": null}},{"type": "Feature", "geometry": {"type":"Point","coordinates":[92.2985903,24.2349439]}, "properties": {"osm_id": 10807458265, "osm_type": "nodes", "amenity": "police", "name": "Kanhmun Police Station", "building": null, "emergency": null}},{"type": "Feature", "geometry": {"type":"Point","coordinates":[92.3384619,24.1417277]}, "properties": {"osm_id": 10807442736, "osm_type": "nodes", "amenity": "police", "name": "Zawlnuam Police Out post", "building": null, "emergency": null}},{"type": "Feature", "geometry": {"type":"Point","coordinates":[92.5388363,24.1929086]}, "properties": {"osm_id": 10807411702, "osm_type": "nodes", "amenity": "police", "name": "Bairabi Police Station", "building": null, "emergency": null}},{"type": "Feature", "geometry": {"type":"Point","coordinates":[90.4006641,24.722179]}, "properties": {"osm_id": 12211527599, "osm_type": "nodes", "amenity": "fire_station", "name": "Fire Service and Civil Defence Training Center", "building": null, "emergency": null}},{"type": "Feature", "geometry": {"type":"Point","coordinates":[92.800414,24.8056687]}, "properties": {"osm_id": 3921090342, "osm_type": "nodes", "amenity": "police", "name": "Rangirkhari Police Outpost", "building": null, "emergency": null}},{"type": "Feature", "geometry": {"type":"Point","coordinates":[90.5081042,24.7371926]}, "properties": {"osm_id": 7418693090, "osm_type": "nodes", "amenity": "hospital", "name": "Medilab Diagnostic & Consultation Ltd.", "building": null, "emergency": "yes"}},{"type": "Feature", "geometry": {"type":"Point","coordinates":[93.346961,24.7590345]}, "properties": {"osm_id": 12784886719, "osm_type": "nodes", "amenity": "police", "name": null, "building": null, "emergency": null}},{"type": "Feature", "geometry": {"type":"Point","coordinates":[93.2230207,24.7893443]}, "properties": {"osm_id": 7274014688, "osm_type": "nodes", "amenity": "police", "name": "Kaiphundai Post", "building": null, "emergency": null}},{"type": "Feature", "geometry": {"type":"Point","coordinates":[93.1714959,24.7955159]}, "properties": {"osm_id": 11998862676, "osm_type": "nodes", "amenity": "police", "name": "Leingangpokpi outpost", "building": null, "emergency": null}},{"type": "Feature", "geometry": {"type":"Point","coordinates":[91.9094941,24.9009367]}, "properties": {"osm_id": 6063404097, "osm_type": "nodes", "amenity": "police", "name": "সিলেট র‍্যাব-৯ প্রধান কার্যালয়", "building": null, "emergency": null}},{"type": "Feature", "geometry": {"type":"Point","coordinates":[90.8574311,24.8129932]}, "properties": {"osm_id": 6611291463, "osm_type": "nodes", "amenity": "police", "name": "আটপাড়া থানা", "building": null, "emergency": null}},{"type": "Feature", "geometry": {"type":"Point","coordinates":[89.9449522,24.9198859]}, "properties": {"osm_id": 8042755602, "osm_type": "nodes", "amenity": "clinic", "name": "Ruma Dental Care (রুমা ডেন্টাল কেয়ার)", "building": null, "emergency": "no"}},{"type": "Feature", "geometry": {"type":"Point","coordinates":[91.9095547,24.8993354]}, "properties": {"osm_id": 6063402777, "osm_type": "nodes", "amenity": "hospital", "name": "Jalalabad Eye Hospital", "building": null, "emergency": "yes"}},{"type": "Feature", "geometry": {"type":"Point","coordinates":[92.1843631,24.694284]}, "properties": {"osm_id": 10287023194, "osm_type": "nodes", "amenity": "police", "name": "Barlekha POLICE STATION", "building": null, "emergency": null}},{"type": "Feature", "geometry": {"type":"Point","coordinates":[92.1614536,24.8353107]}, "properties": {"osm_id": 4830025634, "osm_type": "nodes", "amenity": "fire_station", "name": "Beanibazar Fire Station", "building": null, "emergency": null}},{"type": "Feature", "geometry": {"type":"Point","coordinates":[93.9353772,24.8049422]}, "properties": {"osm_id": 10947499224, "osm_type": "nodes", "amenity": "fire_station", "name": "Imphal Fire Station", "building": null, "emergency": null}},{"type": "Feature", "geometry": {"type":"Point","coordinates":[89.9374304,24.8167263]}, "properties": {"osm_id": 12655243937, "osm_type": "nodes", "amenity": "police", "name": "Narayanpur Police Investigation Centre, Police station", "building": null, "emergency": null}},{"type": "Feature", "geometry": {"type":"Point","coordinates":[89.9572274,24.6657824]}, "properties": {"osm_id": 12638189267, "osm_type": "nodes", "amenity": "fire_station", "name": "Dhanbari Fire Service, Fire station", "building": null, "emergency": null}},{"type": "Feature", "geometry": {"type":"Point","coordinates":[89.8427929,24.7698799]}, "properties": {"osm_id": 8502276814, "osm_type": "nodes", "amenity": "police", "name": "Sarishabari Thana", "building": null, "emergency": null}},{"type": "Feature", "geometry": {"type":"Point","coordinates":[91.8626941,24.8907868]}, "properties": {"osm_id": 10791274805, "osm_type": "nodes", "amenity": "hospital", "name": null, "building": null, "emergency": "yes"}},{"type": "Feature", "geometry": {"type":"Point","coordinates":[91.8601202,24.8983946]}, "properties": {"osm_id": 3715212193, "osm_type": "nodes", "amenity": "hospital", "name": "Trust Medical Services", "building": null, "emergency": "yes"}},{"type": "Feature", "geometry": {"type":"Point","coordinates":[90.842628,24.6630041]}, "properties": {"osm_id": 5741986297, "osm_type": "nodes", "amenity": "police", "name": "কেন্দুয়া পুলিশ স্টেশন", "building": null, "emergency": null}},{"type": "Feature", "geometry": {"type":"Point","coordinates":[90.8775233,24.6929597]}, "properties": {"osm_id": 6643465653, "osm_type": "nodes", "amenity": "police", "name": "পুলিশ বক্স", "building": null, "emergency": null}},{"type": "Feature", "geometry": {"type":"Point","coordinates":[93.0914785,24.6108239]}, "properties": {"osm_id": 12334028339, "osm_type": "nodes", "amenity": "police", "name": "Borobekra police station", "building": null, "emergency": null}},{"type": "Feature", "geometry": {"type":"Point","coordinates":[92.75921,24.4917701]}, "properties": {"osm_id": 10807450362, "osm_type": "nodes", "amenity": "police", "name": "Vairengte Police Station", "building": null, "emergency": null}},{"type": "Feature", "geometry": {"type":"Point","coordinates":[93.6998479,24.346327]}, "properties": {"osm_id": 6514727868, "osm_type": "nodes", "amenity": "police", "name": "Lamka Police Station", "building": null, "emergency": null}},{"type": "Feature", "geometry": {"type":"Point","coordinates":[95.8535795,24.3973045]}, "properties": {"osm_id": 12237142002, "osm_type": "nodes", "amenity": "police", "name": "ဗန်းမောက်မြို့နယ်ရဲတပ်ဖွဲ့မှူးရုံး", "building": null, "emergency": null}},{"type": "Feature", "geometry": {"type":"Point","coordinates":[91.7662744,24.4811474]}, "properties": {"osm_id": 2332892999, "osm_type": "nodes", "amenity": "hospital", "name": "Moulvibaza Sadar Hospital", "building": null, "emergency": "yes"}},{"type": "Feature", "geometry": {"type":"Point","coordinates":[91.7345509,25.2587857]}, "properties": {"osm_id": 11755384332, "osm_type": "nodes", "amenity": "fire_station", "name": null, "building": null, "emergency": null}},{"type": "Feature", "geometry": {"type":"Point","coordinates":[93.0198074,25.1634969]}, "properties": {"osm_id": 10222755917, "osm_type": "nodes", "amenity": "police", "name": "SP Office", "building": null, "emergency": null}},{"type": "Feature", "geometry": {"type":"Point","coordinates":[93.0140168,25.1832152]}, "properties": {"osm_id": 10222875718, "osm_type": "nodes", "amenity": "police", "name": "Sarkari Bhagan Police OutPost", "building": null, "emergency": null}},{"type": "Feature", "geometry": {"type":"Point","coordinates":[90.3403533,25.12048]}, "properties": {"osm_id": 12273265178, "osm_type": "nodes", "amenity": "police", "name": "Haluaghat Police Station (Mymensingh)", "building": null, "emergency": null}},{"type": "Feature", "geometry": {"type":"Point","coordinates":[90.2193689,25.5200322]}, "properties": {"osm_id": 11804475514, "osm_type": "nodes", "amenity": "police", "name": "Chandmari Police Station", "building": null, "emergency": null}},{"type": "Feature", "geometry": {"type":"Point","coordinates":[90.024894,25.0187558]}, "properties": {"osm_id": 12819301737, "osm_type": "nodes", "amenity": "fire_station", "name": "Fire Service and Civil Defense Station, Fire station", "building": null, "emergency": null}},{"type": "Feature", "geometry": {"type":"Point","coordinates":[89.7589438,25.1620877]}, "properties": {"osm_id": 2311234700, "osm_type": "nodes", "amenity": "hospital", "name": "Dewangonj Upazilla Health Complex", "building": null, "emergency": "yes"}},{"type": "Feature", "geometry": {"type":"Point","coordinates":[92.1502707,24.8221819]}, "properties": {"osm_id": 4977329873, "osm_type": "nodes", "amenity": "hospital", "name": "Beanibazar Cancer Hospital", "building": null, "emergency": "yes"}},{"type": "Feature", "geometry": {"type":"Point","coordinates":[91.7519454,26.1899295]}, "properties": {"osm_id": 1580625967, "osm_type": "nodes", "amenity": "police", "name": "Latasil Police Station", "building": null, "emergency": null}},{"type": "Feature", "geometry": {"type":"Point","coordinates":[91.7322448,24.3106668]}, "properties": {"osm_id": 4873554657, "osm_type": "nodes", "amenity": "police", "name": "Sreemangal Police Station", "building": null, "emergency": null}},{"type": "Feature", "geometry": {"type":"Point","coordinates":[91.6660347,26.1548233]}, "properties": {"osm_id": 4689339043, "osm_type": "nodes", "amenity": "hospital", "name": "GU Hospital", "building": null, "emergency": "no"}},{"type": "Feature", "geometry": {"type":"Point","coordinates":[89.7649895,25.1641658]}, "properties": {"osm_id": 2311119551, "osm_type": "nodes", "amenity": "police", "name": "Dewanjgonj Police Station", "building": null, "emergency": null}},{"type": "Feature", "geometry": {"type":"Point","coordinates":[89.9573817,24.6692212]}, "properties": {"osm_id": 12649316129, "osm_type": "nodes", "amenity": "police", "name": "Dhanbari Model Thana, Civil police", "building": null, "emergency": null}},{"type": "Feature", "geometry": {"type":"Point","coordinates":[93.8771735,24.2929714]}, "properties": {"osm_id": 13370683984, "osm_type": "nodes", "amenity": "police", "name": "Sugnu Subdivisional Police Station", "building": null, "emergency": null}},{"type": "Feature", "geometry": {"type":"Point","coordinates":[92.944674,24.1753261]}, "properties": {"osm_id": 10807414430, "osm_type": "nodes", "amenity": "police", "name": "New Vervek Police Out Post", "building": null, "emergency": null}},{"type": "Feature", "geometry": {"type":"Point","coordinates":[92.6749651,24.2339647]}, "properties": {"osm_id": 10807417226, "osm_type": "nodes", "amenity": "police", "name": "Kolasib Police Station", "building": null, "emergency": null}},{"type": "Feature", "geometry": {"type":"Point","coordinates":[92.7168013,24.3349237]}, "properties": {"osm_id": 10807425688, "osm_type": "nodes", "amenity": "police", "name": "Bilkhawthlir Police Outpost", "building": null, "emergency": null}},{"type": "Feature", "geometry": {"type":"Point","coordinates":[90.0526595,24.2298242]}, "properties": {"osm_id": 7443180258, "osm_type": "nodes", "amenity": "police", "name": "বাসাইল থানা", "building": null, "emergency": null}},{"type": "Feature", "geometry": {"type":"Point","coordinates":[91.138935,24.6889959]}, "properties": {"osm_id": 6574122504, "osm_type": "nodes", "amenity": "police", "name": "খালিয়াজুরী থানা", "building": null, "emergency": null}},{"type": "Feature", "geometry": {"type":"Point","coordinates":[91.8739425,24.9001442]}, "properties": {"osm_id": 12511401694, "osm_type": "nodes", "amenity": "hospital", "name": "Mount Adora Hospital", "building": null, "emergency": "yes"}},{"type": "Feature", "geometry": {"type":"Point","coordinates":[91.4524698,24.2681795]}, "properties": {"osm_id": 7092835178, "osm_type": "nodes", "amenity": "fire_station", "name": "Shayestaganj Fire Service & Civil Defence Station", "building": null, "emergency": null}},{"type": "Feature", "geometry": {"type":"Point","coordinates":[91.7251863,24.30851]}, "properties": {"osm_id": 5587529963, "osm_type": "nodes", "amenity": "police", "name": "Rapid Action Battalion (RAB) 9", "building": null, "emergency": null}},{"type": "Feature", "geometry": {"type":"Point","coordinates":[91.481017,24.2755694]}, "properties": {"osm_id": 5170946325, "osm_type": "nodes", "amenity": "police", "name": "Shaistaganj Police Fari", "building": null, "emergency": null}},{"type": "Feature", "geometry": {"type":"Point","coordinates":[90.393277,24.7661684]}, "properties": {"osm_id": 12468242767, "osm_type": "nodes", "amenity": "police", "name": "Bangladesh Police, CID District Office", "building": null, "emergency": null}},{"type": "Feature", "geometry": {"type":"Point","coordinates":[90.2569874,24.7642019]}, "properties": {"osm_id": 12452909501, "osm_type": "nodes", "amenity": "police", "name": "Muktagacha Police Station", "building": null, "emergency": null}},{"type": "Feature", "geometry": {"type":"Point","coordinates":[93.0189772,25.1687299]}, "properties": {"osm_id": 10222809619, "osm_type": "nodes", "amenity": "fire_station", "name": "Fire Brigade", "building": null, "emergency": null}},{"type": "Feature", "geometry": {"type":"Point","coordinates":[90.6587092,27.2170783]}, "properties": {"osm_id": 10187846517, "osm_type": "nodes", "amenity": "police", "name": null, "building": null, "emergency": null}},{"type": "Feature", "geometry": {"type":"Point","coordinates":[90.6580607,27.2162716]}, "properties": {"osm_id": 10187908617, "osm_type": "nodes", "amenity": "police", "name": null, "building": null, "emergency": null}},{"type": "Feature", "geometry": {"type":"Point","coordinates":[89.9252633,24.2639698]}, "properties": {"osm_id": 2332680745, "osm_type": "nodes", "amenity": "hospital", "name": "Tangail Medical College and Hospital", "building": null, "emergency": "yes"}},{"type": "Feature", "geometry": {"type":"Point","coordinates":[94.089834,26.3227932]}, "properties": {"osm_id": 10824034339, "osm_type": "nodes", "amenity": "police", "name": "Merapani Police Station", "building": null, "emergency": null}},{"type": "Feature", "geometry": {"type":"Point","coordinates":[95.315988,27.354092]}, "properties": {"osm_id": 975687059, "osm_type": "nodes", "amenity": "police", "name": null, "building": null, "emergency": null}},{"type": "Feature", "geometry": {"type":"Point","coordinates":[91.2394118,27.2764309]}, "properties": {"osm_id": 11916249590, "osm_type": "nodes", "amenity": "police", "name": "Police Quarter 1", "building": null, "emergency": null}},{"type": "Feature", "geometry": {"type":"Point","coordinates":[91.2393514,27.2761171]}, "properties": {"osm_id": 11916249591, "osm_type": "nodes", "amenity": "police", "name": "Police Quarter 2", "building": null, "emergency": null}},{"type": "Feature", "geometry": {"type":"Point","coordinates":[91.184061,27.6669637]}, "properties": {"osm_id": 11637764211, "osm_type": "nodes", "amenity": "police", "name": "Royal Bhutan Police Office", "building": null, "emergency": null}},{"type": "Feature", "geometry": {"type":"Point","coordinates":[91.1841136,27.6663452]}, "properties": {"osm_id": 11637764224, "osm_type": "nodes", "amenity": "police", "name": "Police Quarter", "building": null, "emergency": null}},{"type": "Feature", "geometry": {"type":"Point","coordinates":[89.8794548,27.0728524]}, "properties": {"osm_id": 10243722109, "osm_type": "nodes", "amenity": "police", "name": null, "building": null, "emergency": null}},{"type": "Feature", "geometry": {"type":"Point","coordinates":[89.8815101,27.0719184]}, "properties": {"osm_id": 3730506229, "osm_type": "nodes", "amenity": "police", "name": null, "building": null, "emergency": null}},{"type": "Feature", "geometry": {"type":"Point","coordinates":[95.2685732,27.4929462]}, "properties": {"osm_id": 1739986509, "osm_type": "nodes", "amenity": "police", "name": "Panitola Police", "building": null, "emergency": null}},{"type": "Feature", "geometry": {"type":"Point","coordinates":[95.3797308,27.4860869]}, "properties": {"osm_id": 3780974361, "osm_type": "nodes", "amenity": "hospital", "name": "Agarwal Hospital and Research Centre", "building": null, "emergency": "yes"}},{"type": "Feature", "geometry": {"type":"Point","coordinates":[94.0205624,25.0066271]}, "properties": {"osm_id": 13328594151, "osm_type": "nodes", "amenity": "police", "name": "Leitanpokpi police station", "building": null, "emergency": null}},{"type": "Feature", "geometry": {"type":"Point","coordinates":[94.2029407,24.9514629]}, "properties": {"osm_id": 13874710311, "osm_type": "nodes", "amenity": "police", "name": "Litan Police Station", "building": null, "emergency": null}},{"type": "Feature", "geometry": {"type":"Point","coordinates":[91.7948727,26.1126488]}, "properties": {"osm_id": 2319238560, "osm_type": "nodes", "amenity": "police", "name": "Bashistha Police Station", "building": null, "emergency": null}},{"type": "Feature", "geometry": {"type":"Point","coordinates":[91.4586879,27.1207672]}, "properties": {"osm_id": 10208904329, "osm_type": "nodes", "amenity": "hospital", "name": "Nanong BHU", "building": null, "emergency": "yes"}},{"type": "Feature", "geometry": {"type":"Point","coordinates":[91.7823088,26.157768]}, "properties": {"osm_id": 13506189524, "osm_type": "nodes", "amenity": null, "name": null, "building": null, "emergency": "fire_extinguisher"}},{"type": "Feature", "geometry": {"type":"Point","coordinates":[91.7666261,26.1338779]}, "properties": {"osm_id": 6156178612, "osm_type": "nodes", "amenity": "police", "name": "Bhagaduttapur Police station", "building": null, "emergency": null}},{"type": "Feature", "geometry": {"type":"Point","coordinates":[91.7814441,26.1719851]}, "properties": {"osm_id": 6913054937, "osm_type": "nodes", "amenity": "hospital", "name": "KGMT Multispeciality Hospital, Hatigarh", "building": null, "emergency": "yes"}},{"type": "Feature", "geometry": {"type":"Point","coordinates":[91.5962308,26.5042854]}, "properties": {"osm_id": 7018601750, "osm_type": "nodes", "amenity": "police", "name": "Tulsibari Police Out Post", "building": null, "emergency": null}},{"type": "Feature", "geometry": {"type":"Point","coordinates":[94.3220827,27.0881592]}, "properties": {"osm_id": 12567660551, "osm_type": "nodes", "amenity": null, "name": null, "building": null, "emergency": "fire_service_inlet"}},{"type": "Feature", "geometry": {"type":"Point","coordinates":[94.2089182,26.7588761]}, "properties": {"osm_id": 10947365834, "osm_type": "nodes", "amenity": "police", "name": "SP Office", "building": null, "emergency": null}},{"type": "Feature", "geometry": {"type":"Point","coordinates":[94.1579109,26.9747805]}, "properties": {"osm_id": 5265565022, "osm_type": "nodes", "amenity": "fire_station", "name": "Garamur fire & emergency services station", "building": null, "emergency": null}},{"type": "Feature", "geometry": {"type":"Point","coordinates":[90.6584843,27.2151912]}, "properties": {"osm_id": 10187888318, "osm_type": "nodes", "amenity": null, "name": null, "building": null, "emergency": "fire_hydrant"}},{"type": "Feature", "geometry": {"type":"Point","coordinates":[90.6590858,27.2172951]}, "properties": {"osm_id": 10185577231, "osm_type": "nodes", "amenity": null, "name": null, "building": null, "emergency": "fire_hydrant"}},{"type": "Feature", "geometry": {"type":"Point","coordinates":[90.65897,27.2172845]}, "properties": {"osm_id": 10185485117, "osm_type": "nodes", "amenity": null, "name": null, "building": null, "emergency": "fire_hydrant"}},{"type": "Feature", "geometry": {"type":"Point","coordinates":[90.9322581,24.1537264]}, "properties": {"osm_id": 6163500163, "osm_type": "nodes", "amenity": "police", "name": "Kuliarchar Police Station", "building": null, "emergency": null}},{"type": "Feature", "geometry": {"type":"Point","coordinates":[90.8924501,24.5499002]}, "properties": {"osm_id": 6162797416, "osm_type": "nodes", "amenity": "police", "name": "Tarail Police Station", "building": null, "emergency": null}},{"type": "Feature", "geometry": {"type":"Point","coordinates":[90.8691169,24.4706036]}, "properties": {"osm_id": 13848514559, "osm_type": "nodes", "amenity": "police", "name": "Karimganj Model Police Station করিমগঞ্জ মডেল থানা", "building": null, "emergency": null}},{"type": "Feature", "geometry": {"type":"Point","coordinates":[93.154748,24.7421722]}, "properties": {"osm_id": 11976551293, "osm_type": "nodes", "amenity": "police", "name": "Leishabithol police outpost", "building": null, "emergency": null}},{"type": "Feature", "geometry": {"type":"Point","coordinates":[90.9607867,24.71802]}, "properties": {"osm_id": 3559113603, "osm_type": "nodes", "amenity": "police", "name": "মদন থানা", "building": null, "emergency": null}},{"type": "Feature", "geometry": {"type":"Point","coordinates":[90.9348614,24.7195634]}, "properties": {"osm_id": 6875219312, "osm_type": "nodes", "amenity": "fire_station", "name": "Madan Fire Service", "building": null, "emergency": null}},{"type": "Feature", "geometry": {"type":"Point","coordinates":[90.3948003,24.5764913]}, "properties": {"osm_id": 2332679009, "osm_type": "nodes", "amenity": "hospital", "name": "Trishal Upazilla Health Complex", "building": null, "emergency": "yes"}},{"type": "Feature", "geometry": {"type":"Point","coordinates":[94.1645906,26.9447337]}, "properties": {"osm_id": 6979404985, "osm_type": "nodes", "amenity": "police", "name": "Majuli Police Station", "building": null, "emergency": null}},{"type": "Feature", "geometry": {"type":"Point","coordinates":[89.9826179,24.381928]}, "properties": {"osm_id": 12397559755, "osm_type": "nodes", "amenity": "fire_station", "name": "Kalihati Fire Station, Fire station", "building": null, "emergency": null}},{"type": "Feature", "geometry": {"type":"Point","coordinates":[89.9898174,24.3845307]}, "properties": {"osm_id": 12395788155, "osm_type": "nodes", "amenity": "police", "name": "Kalihati Police Station, Police station", "building": null, "emergency": null}},{"type": "Feature", "geometry": {"type":"Point","coordinates":[94.2114172,26.7548007]}, "properties": {"osm_id": 3643359269, "osm_type": "nodes", "amenity": "police", "name": "Jorhat Fire Station", "building": null, "emergency": null}},{"type": "Feature", "geometry": {"type":"Point","coordinates":[94.2113717,26.7549643]}, "properties": {"osm_id": 3637659886, "osm_type": "nodes", "amenity": "police", "name": "Jorhat Main Police Station", "building": null, "emergency": null}},{"type": "Feature", "geometry": {"type":"Point","coordinates":[93.9748279,26.5159925]}, "properties": {"osm_id": 6913288176, "osm_type": "nodes", "amenity": "hospital", "name": "Lifeline Hospital and Research Centre", "building": null, "emergency": "yes"}},{"type": "Feature", "geometry": {"type":"Point","coordinates":[90.5451623,24.462716]}, "properties": {"osm_id": 2332679001, "osm_type": "nodes", "amenity": "hospital", "name": "Gafargaon Upazilla Health Complex", "building": null, "emergency": "yes"}},{"type": "Feature", "geometry": {"type":"Point","coordinates":[89.7193243,25.4275859]}, "properties": {"osm_id": 5642624801, "osm_type": "nodes", "amenity": "police", "name": "Borober Dushmara Temporary Police Camp", "building": "yes", "emergency": null}},{"type": "Feature", "geometry": {"type":"Point","coordinates":[92.7972247,24.4128141]}, "properties": {"osm_id": 10807455195, "osm_type": "nodes", "amenity": "police", "name": "Saiphai Police Station", "building": null, "emergency": null}},{"type": "Feature", "geometry": {"type":"Point","coordinates":[91.8807062,25.5679611]}, "properties": {"osm_id": 1375751934, "osm_type": "nodes", "amenity": "hospital", "name": "Civil Hospital Shillong", "building": null, "emergency": "yes"}},{"type": "Feature", "geometry": {"type":"Point","coordinates":[89.8329675,25.577414]}, "properties": {"osm_id": 5894834896, "osm_type": "nodes", "amenity": "police", "name": "Rowmai Police Station", "building": null, "emergency": null}},{"type": "Feature", "geometry": {"type":"Point","coordinates":[93.0282789,26.1056779]}, "properties": {"osm_id": 11357461274, "osm_type": "nodes", "amenity": "hospital", "name": "Arogyao clinic", "building": null, "emergency": "yes"}},{"type": "Feature", "geometry": {"type":"Point","coordinates":[95.160483,27.0997556]}, "properties": {"osm_id": 11356011425, "osm_type": "nodes", "amenity": "police", "name": "SPK.PS", "building": null, "emergency": null}},{"type": "Feature", "geometry": {"type":"Point","coordinates":[95.4389384,26.3246281]}, "properties": {"osm_id": 11907782293, "osm_type": "nodes", "amenity": "fire_station", "name": "မီးသတ်", "building": null, "emergency": null}},{"type": "Feature", "geometry": {"type":"Point","coordinates":[93.4286056,25.8399514]}, "properties": {"osm_id": 12350533310, "osm_type": "nodes", "amenity": "police", "name": "diphu police thana", "building": null, "emergency": null}},{"type": "Feature", "geometry": {"type":"Point","coordinates":[92.0978302,26.7490438]}, "properties": {"osm_id": 5596194223, "osm_type": "nodes", "amenity": "police", "name": "Udalguri Police Station", "building": null, "emergency": null}},{"type": "Feature", "geometry": {"type":"Point","coordinates":[94.5208764,26.8122906]}, "properties": {"osm_id": 11357598691, "osm_type": "nodes", "amenity": "police", "name": "Amguri Police Station", "building": null, "emergency": null}},{"type": "Feature", "geometry": {"type":"Point","coordinates":[93.7365723,27.1298566]}, "properties": {"osm_id": 1690134377, "osm_type": "nodes", "amenity": "hospital", "name": "NERIST Medical Unit", "building": null, "emergency": "yes"}},{"type": "Feature", "geometry": {"type":"Point","coordinates":[94.0941769,27.2282284]}, "properties": {"osm_id": 13312469701, "osm_type": "nodes", "amenity": "police", "name": "Khelmati Town Police Outpost", "building": null, "emergency": null}},{"type": "Feature", "geometry": {"type":"Point","coordinates":[91.7544483,26.175937]}, "properties": {"osm_id": 12350586722, "osm_type": "nodes", "amenity": null, "name": null, "building": null, "emergency": "fire_service_inlet"}},{"type": "Feature", "geometry": {"type":"Point","coordinates":[91.9031841,25.5591086]}, "properties": {"osm_id": 10697365682, "osm_type": "nodes", "amenity": "police", "name": "Central Reserve Police Force B/67", "building": null, "emergency": null}},{"type": "Feature", "geometry": {"type":"Point","coordinates":[91.8095034,26.1350283]}, "properties": {"osm_id": 6902810705, "osm_type": "nodes", "amenity": "hospital", "name": "Rahman Hospitals Private Limited", "building": null, "emergency": "yes"}},{"type": "Feature", "geometry": {"type":"Point","coordinates":[91.8929372,25.6365147]}, "properties": {"osm_id": 11758292917, "osm_type": "nodes", "amenity": null, "name": null, "building": null, "emergency": "fire_hydrant"}},{"type": "Feature", "geometry": {"type":"Point","coordinates":[91.9005194,25.6670461]}, "properties": {"osm_id": 11744699156, "osm_type": "nodes", "amenity": "fire_station", "name": null, "building": null, "emergency": null}},{"type": "Feature", "geometry": {"type":"Point","coordinates":[93.9649969,26.5101566]}, "properties": {"osm_id": 6888435232, "osm_type": "nodes", "amenity": null, "name": "Kushal Konwar (KK) Civil Hospital & Blood Bank", "building": null, "emergency": "yes"}},{"type": "Feature", "geometry": {"type":"Point","coordinates":[90.302215,26.3928882]}, "properties": {"osm_id": 13160145332, "osm_type": "nodes", "amenity": "fire_station", "name": "Kokrajhar Fire Station", "building": null, "emergency": null}},{"type": "Feature", "geometry": {"type":"Point","coordinates":[91.8856792,25.7556131]}, "properties": {"osm_id": 4869717739, "osm_type": "nodes", "amenity": "hospital", "name": "Bethany Hospital Outreach OPD Services", "building": null, "emergency": "no"}},{"type": "Feature", "geometry": {"type":"Point","coordinates":[94.5224108,26.3253666]}, "properties": {"osm_id": 2696256995, "osm_type": "nodes", "amenity": "hospital", "name": "Impur Mission Hospital Clinic", "building": null, "emergency": "no"}},{"type": "Feature", "geometry": {"type":"Point","coordinates":[91.5086783,26.8002591]}, "properties": {"osm_id": 4377010747, "osm_type": "nodes", "amenity": "hospital", "name": "Samdrup Jongkhar Hospital", "building": "hospital", "emergency": "yes"}},{"type": "Feature", "geometry": {"type":"Point","coordinates":[89.783579,25.082878]}, "properties": {"osm_id": 2304877345, "osm_type": "nodes", "amenity": "fire_station", "name": null, "building": null, "emergency": null}},{"type": "Feature", "geometry": {"type":"Point","coordinates":[93.965819,26.5106294]}, "properties": {"osm_id": 6913038500, "osm_type": "nodes", "amenity": "hospital", "name": "HGM Nursing Home", "building": null, "emergency": "yes"}},{"type": "Feature", "geometry": {"type":"Point","coordinates":[90.5215882,25.1746253]}, "properties": {"osm_id": 7040439285, "osm_type": "nodes", "amenity": "police", "name": "Border, no acces for foreigners", "building": null, "emergency": null}},{"type": "Feature", "geometry": {"type":"Polygon","coordinates":[[[94.2113192,26.7548345],[94.2113347,26.7547343],[94.2115325,26.7547549],[94.2115157,26.7548553],[94.2113192,26.7548345]]]}, "properties": {"osm_id": 358944917, "osm_type": "ways_poly", "amenity": "fire_station", "name": "Jorhat Fire Station", "building": null, "emergency": null}},{"type": "Feature", "geometry": {"type":"Polygon","coordinates":[[[91.4252186,27.0343771],[91.4255404,27.0332781],[91.4258269,27.0323001],[91.4263635,27.0323379],[91.4263718,27.0330607],[91.426241,27.0339162],[91.4258623,27.0342529],[91.4256585,27.0345587],[91.4252186,27.0343771]]]}, "properties": {"osm_id": 1061738709, "osm_type": "ways_poly", "amenity": "police", "name": null, "building": null, "emergency": null}},{"type": "Feature", "geometry": {"type":"Polygon","coordinates":[[[91.4032245,27.0175659],[91.4034229,27.0174464],[91.4035007,27.0175489],[91.4033022,27.0176684],[91.4032245,27.0175659]]]}, "properties": {"osm_id": 1061738727, "osm_type": "ways_poly", "amenity": "police", "name": "Police Office Denchi", "building": "yes", "emergency": null}},{"type": "Feature", "geometry": {"type":"Polygon","coordinates":[[[91.9703676,26.1179987],[91.9706879,26.1179955],[91.9706914,26.1180591],[91.9704295,26.1180829],[91.9703676,26.1179987]]]}, "properties": {"osm_id": 1335030804, "osm_type": "ways_poly", "amenity": "police", "name": "sonapur police station", "building": "yes", "emergency": null}},{"type": "Feature", "geometry": {"type":"Polygon","coordinates":[[[93.179751,25.7521325],[93.1801936,25.7520335],[93.180553,25.7520045],[93.1809124,25.7519731],[93.1810895,25.7521639],[93.1811512,25.7522292],[93.1812558,25.7527123],[93.1812799,25.7528621],[93.1813282,25.7528814],[93.1813523,25.7530457],[93.1814047,25.7532584],[93.1810784,25.7533093],[93.1805801,25.7534655],[93.1804243,25.7528814],[93.180199,25.7527546],[93.1801292,25.7526833],[93.1799656,25.7525021],[93.179912,25.7524852],[93.1798261,25.7524321],[93.1798185,25.7523967],[93.1797595,25.7522071],[93.179751,25.7521325]]]}, "properties": {"osm_id": 857237696, "osm_type": "ways_poly", "amenity": "hospital", "name": "Lumding Railway Hospital", "building": null, "emergency": "yes"}},{"type": "Feature", "geometry": {"type":"Polygon","coordinates":[[[90.0258235,24.6051764],[90.0259262,24.605032],[90.026127,24.6051466],[90.0260383,24.6053037],[90.0258235,24.6051764]]]}, "properties": {"osm_id": 538220805, "osm_type": "ways_poly", "amenity": "police", "name": "Police station Madhupur", "building": "yes", "emergency": null}},{"type": "Feature", "geometry": {"type":"Polygon","coordinates":[[[93.9406541,24.7999552],[93.9406548,24.7999033],[93.9407096,24.7999039],[93.9407089,24.7999558],[93.9406541,24.7999552]]]}, "properties": {"osm_id": 1096522181, "osm_type": "ways_poly", "amenity": "police", "name": "IMPHAL POLICE STATION", "building": "yes", "emergency": null}},{"type": "Feature", "geometry": {"type":"Polygon","coordinates":[[[93.9405654,24.7997553],[93.9407132,24.7997546],[93.940714,24.7998936],[93.9405662,24.7998943],[93.9405654,24.7997553]]]}, "properties": {"osm_id": 1096522182, "osm_type": "ways_poly", "amenity": "police", "name": "SP IMPHAL WEST", "building": "yes", "emergency": null}},{"type": "Feature", "geometry": {"type":"Polygon","coordinates":[[[94.1092348,25.6758267],[94.1092688,25.6757445],[94.1092455,25.6757364],[94.1092625,25.6756989],[94.1092871,25.6757059],[94.109317,25.675642],[94.1093964,25.6756731],[94.1093143,25.6758532],[94.1092348,25.6758267]]]}, "properties": {"osm_id": 740874466, "osm_type": "ways_poly", "amenity": "police", "name": "North Police Station", "building": "yes", "emergency": null}},{"type": "Feature", "geometry": {"type":"Polygon","coordinates":[[[95.0899274,27.1814941],[95.0899603,27.1810356],[95.0900404,27.1809665],[95.0901086,27.1808074],[95.0903487,27.1808283],[95.0902993,27.1811256],[95.0900992,27.1811466],[95.0900074,27.1815004],[95.0899274,27.1814941]]]}, "properties": {"osm_id": 1335312252, "osm_type": "ways_poly", "amenity": "police", "name": null, "building": "yes", "emergency": null}},{"type": "Feature", "geometry": {"type":"Polygon","coordinates":[[[94.1920173,26.7416244],[94.1928397,26.7416487],[94.1928556,26.7418106],[94.1930618,26.7419724],[94.1933767,26.7417661],[94.1933959,26.741758],[94.1934265,26.7417762],[94.1935285,26.7417286],[94.193789,26.7418237],[94.1938452,26.7408837],[94.1945656,26.7408756],[94.1946019,26.7411953],[94.1946394,26.7415678],[94.1948621,26.7415706],[94.1955512,26.7415195],[94.1954969,26.7408559],[94.1957914,26.7408741],[94.1967665,26.7409774],[94.197018,26.7408904],[94.197172,26.7408064],[94.1973782,26.7406921],[94.197734,26.7404798],[94.1979455,26.7403553],[94.1981201,26.7402766],[94.1982801,26.7402182],[94.1983714,26.7401939],[94.1984675,26.7401781],[94.1985973,26.7401724],[94.1987238,26.7401667],[94.1990298,26.7401781],[94.1992669,26.7402039],[94.1993531,26.7403974],[94.1996331,26.7411999],[94.1998174,26.741785],[94.2000211,26.7424359],[94.2000868,26.7426979],[94.1999878,26.7428041],[94.1993217,26.7429599],[94.1989524,26.743051],[94.1985695,26.7431258],[94.1983879,26.7431691],[94.1981828,26.7432234],[94.1980178,26.7432821],[94.1978865,26.7433236],[94.1976333,26.7433794],[94.1972152,26.7434695],[94.196842,26.7435539],[94.1962947,26.7436809],[94.1964715,26.7438428],[94.1958756,26.7439156],[94.1958425,26.744014],[94.1956264,26.7440087],[94.1955675,26.744037],[94.1955652,26.7440916],[94.1954384,26.7441159],[94.1953341,26.7441806],[94.1952888,26.7441766],[94.1952798,26.7441361],[94.1952474,26.7443601],[94.19454,26.744289],[94.1945409,26.7440003],[94.1945379,26.7438544],[94.1945313,26.743531],[94.1945282,26.7435203],[94.1944421,26.7435091],[94.1941578,26.7434919],[94.1939777,26.7434666],[94.1936605,26.7434302],[94.1935234,26.7434161],[94.1932674,26.7434292],[94.192897,26.7434565],[94.1928052,26.7434606],[94.1928064,26.7435233],[94.1922841,26.7435172],[94.1922881,26.7434749],[94.1923289,26.7431653],[94.1923561,26.7429347],[94.1922769,26.7423603],[94.1920173,26.7416244]]]}, "properties": {"osm_id": 358944929, "osm_type": "ways_poly", "amenity": "hospital", "name": "Jorhat Medical College and Hospital(JMCH)", "building": null, "emergency": "yes"}},{"type": "Feature", "geometry": {"type":"Polygon","coordinates":[[[94.3187462,26.6535503],[94.318755,26.6534127],[94.3189556,26.6534229],[94.3189539,26.6534505],[94.319185,26.6534622],[94.319178,26.6535723],[94.3187462,26.6535503]]]}, "properties": {"osm_id": 1245640790, "osm_type": "ways_poly", "amenity": "police", "name": null, "building": "yes", "emergency": null}},{"type": "Feature", "geometry": {"type":"Polygon","coordinates":[[[90.4263141,24.8621687],[90.4263288,24.8619424],[90.4265675,24.8619521],[90.4265528,24.8621736],[90.4263141,24.8621687]]]}, "properties": {"osm_id": 539970535, "osm_type": "ways_poly", "amenity": "police", "name": "Tarakanda Police Station", "building": "yes", "emergency": null}},{"type": "Feature", "geometry": {"type":"Polygon","coordinates":[[[94.5244026,26.3251405],[94.5244843,26.3249255],[94.5246323,26.3249392],[94.524571,26.3253966],[94.5245302,26.3254835],[94.5244689,26.3254424],[94.5244026,26.3251405]]]}, "properties": {"osm_id": 1223794667, "osm_type": "ways_poly", "amenity": "police", "name": "Nagaland Police", "building": "yes", "emergency": null}},{"type": "Feature", "geometry": {"type":"Polygon","coordinates":[[[94.5243412,26.3255984],[94.5244785,26.32551],[94.5245729,26.3255407],[94.5246037,26.3257623],[94.5245901,26.3259061],[94.5244013,26.3259408],[94.5243412,26.3255984]]]}, "properties": {"osm_id": 1223794669, "osm_type": "ways_poly", "amenity": "police", "name": "Superintendent of Police Office", "building": "yes", "emergency": null}},{"type": "Feature", "geometry": {"type":"Polygon","coordinates":[[[92.646002,27.0108034],[92.6461053,27.0107626],[92.646147,27.0108477],[92.6460449,27.0108868],[92.646002,27.0108034]]]}, "properties": {"osm_id": 1217672059, "osm_type": "ways_poly", "amenity": "police", "name": null, "building": "yes", "emergency": null}},{"type": "Feature", "geometry": {"type":"Polygon","coordinates":[[[90.3984109,24.5648026],[90.3985114,24.5644537],[90.398836,24.5645562],[90.3987381,24.5649063],[90.3984109,24.5648026]]]}, "properties": {"osm_id": 538949748, "osm_type": "ways_poly", "amenity": "fire_station", "name": "Trishal Fire Station ত্রিশাল ফায়ার স্টেশন", "building": "yes", "emergency": null}},{"type": "Feature", "geometry": {"type":"Polygon","coordinates":[[[92.8058985,26.8204731],[92.8059503,26.8204665],[92.8059612,26.8205347],[92.8059095,26.8205413],[92.8058985,26.8204731]]]}, "properties": {"osm_id": 1132688524, "osm_type": "ways_poly", "amenity": null, "name": "jal jiban mission water supply", "building": null, "emergency": "water_tank"}},{"type": "Feature", "geometry": {"type":"Polygon","coordinates":[[[93.4008779,26.5889374],[93.4008795,26.5888906],[93.4010239,26.5888945],[93.4010226,26.5889321],[93.4010087,26.5889317],[93.4010049,26.5890424],[93.4009487,26.5890408],[93.4009521,26.5889394],[93.4008779,26.5889374]]]}, "properties": {"osm_id": 1101790973, "osm_type": "ways_poly", "amenity": "police", "name": null, "building": "yes", "emergency": null}},{"type": "Feature", "geometry": {"type":"Polygon","coordinates":[[[93.9735748,26.5110513],[93.9736163,26.5103937],[93.9737665,26.5103865],[93.973957,26.5103793],[93.9740106,26.5104453],[93.9741486,26.5106006],[93.9741112,26.5109649],[93.973969,26.5110033],[93.9737464,26.5110357],[93.9735748,26.5110513]]]}, "properties": {"osm_id": 749313308, "osm_type": "ways_poly", "amenity": "police", "name": "City Police Station", "building": null, "emergency": null}},{"type": "Feature", "geometry": {"type":"Polygon","coordinates":[[[90.2569208,24.7641497],[90.256922,24.7640958],[90.2569648,24.7640965],[90.2569654,24.764068],[90.2571201,24.7640707],[90.2571193,24.7641059],[90.2571412,24.7641062],[90.2571409,24.7641233],[90.2571855,24.7641241],[90.2571833,24.764229],[90.2571218,24.764228],[90.2571207,24.7642815],[90.2569834,24.7642791],[90.2569838,24.7642564],[90.2569342,24.7642555],[90.2569365,24.7641499],[90.2569208,24.7641497]]]}, "properties": {"osm_id": 852681277, "osm_type": "ways_poly", "amenity": "police", "name": "Muktagacha Police Station", "building": "yes", "emergency": null}},{"type": "Feature", "geometry": {"type":"Polygon","coordinates":[[[90.0250542,24.6083153],[90.0266663,24.6079485],[90.0268481,24.6094323],[90.0252411,24.6096205],[90.0250542,24.6083153]]]}, "properties": {"osm_id": 1464204972, "osm_type": "ways_poly", "amenity": "hospital", "name": "Upazilla Health Complex, Madhupur,  Tangail", "building": null, "emergency": "yes"}},{"type": "Feature", "geometry": {"type":"Polygon","coordinates":[[[90.1847583,24.9656831],[90.1850225,24.9655871],[90.1851821,24.966026],[90.1849233,24.9660989],[90.1847583,24.9656831]]]}, "properties": {"osm_id": 540354454, "osm_type": "ways_poly", "amenity": "fire_station", "name": "Nakla Upzilla Fire Station", "building": "yes", "emergency": null}},{"type": "Feature", "geometry": {"type":"Polygon","coordinates":[[[89.7161397,24.4601273],[89.7163967,24.4600013],[89.716462,24.4601363],[89.7162109,24.4602551],[89.7161397,24.4601273]]]}, "properties": {"osm_id": 433212812, "osm_type": "ways_poly", "amenity": "hospital", "name": "North Bengal Medical College", "building": "hospital", "emergency": "yes"}},{"type": "Feature", "geometry": {"type":"Polygon","coordinates":[[[89.8314964,25.5715985],[89.8317963,25.5714532],[89.8323257,25.5711585],[89.8329153,25.5716763],[89.8320233,25.5722324],[89.8317083,25.5718679],[89.8314964,25.5715985]]]}, "properties": {"osm_id": 624256836, "osm_type": "ways_poly", "amenity": "hospital", "name": "Raumari Upazila Health Complex", "building": null, "emergency": "yes"}},{"type": "Feature", "geometry": {"type":"Polygon","coordinates":[[[89.7645969,25.1640145],[89.7654311,25.1637349],[89.7655547,25.1640896],[89.7654652,25.1642971],[89.7648213,25.1645606],[89.7645969,25.1640145]]]}, "properties": {"osm_id": 1307428566, "osm_type": "ways_poly", "amenity": "police", "name": "Dewangonj Police Station", "building": "yes", "emergency": null}},{"type": "Feature", "geometry": {"type":"Polygon","coordinates":[[[90.3988351,24.4098474],[90.3988405,24.4097216],[90.3989129,24.4097252],[90.3989182,24.4096019],[90.3989893,24.4096117],[90.3989893,24.4097252],[90.3990644,24.4097228],[90.3990617,24.4098107],[90.399114,24.4098144],[90.3991047,24.4099963],[90.3988686,24.4099817],[90.3988713,24.4098498],[90.3988351,24.4098474]]]}, "properties": {"osm_id": 540946563, "osm_type": "ways_poly", "amenity": "fire_station", "name": "Bhaluka Fire Station", "building": "yes", "emergency": null}},{"type": "Feature", "geometry": {"type":"Polygon","coordinates":[[[90.3620692,24.9534635],[90.3621664,24.9533759],[90.3624438,24.9536289],[90.3623467,24.9537165],[90.3620692,24.9534635]]]}, "properties": {"osm_id": 540113275, "osm_type": "ways_poly", "amenity": "police", "name": "Phulpur Police Station ফুলপুর থানার", "building": "yes", "emergency": null}},{"type": "Feature", "geometry": {"type":"Polygon","coordinates":[[[95.3517607,27.48673],[95.3518761,27.4863719],[95.351994,27.4864018],[95.3518787,27.4867599],[95.3517607,27.48673]]]}, "properties": {"osm_id": 738302663, "osm_type": "ways_poly", "amenity": "hospital", "name": "City Hospital and Research Centre", "building": null, "emergency": "yes"}},{"type": "Feature", "geometry": {"type":"Polygon","coordinates":[[[89.8723657,25.173628],[89.8724167,25.1734702],[89.8725417,25.1735033],[89.8724908,25.1736611],[89.8723657,25.173628]]]}, "properties": {"osm_id": 1076141152, "osm_type": "ways_poly", "amenity": "fire_station", "name": "Bakshiganj Fire Service", "building": "yes", "emergency": null}},{"type": "Feature", "geometry": {"type":"Polygon","coordinates":[[[89.8662122,25.1764094],[89.8666751,25.1753035],[89.8671439,25.1757915],[89.867583,25.1755864],[89.8680855,25.1764607],[89.8673115,25.1768577],[89.867065,25.1764897],[89.8664858,25.1768332],[89.8662122,25.1764094]]]}, "properties": {"osm_id": 1307429860, "osm_type": "ways_poly", "amenity": "police", "name": "Bakshigonj Police Station", "building": "government_office", "emergency": null}},{"type": "Feature", "geometry": {"type":"Polygon","coordinates":[[[91.8693065,24.8905972],[91.8694408,24.890595],[91.8694424,24.8906708],[91.8695593,24.8906688],[91.8695582,24.8906144],[91.8696012,24.8906137],[91.8696007,24.8905866],[91.869622,24.8905862],[91.8696245,24.8907059],[91.8693088,24.8907112],[91.8693065,24.8905972]]]}, "properties": {"osm_id": 531388837, "osm_type": "ways_poly", "amenity": "police", "name": "Police Super Office", "building": "yes", "emergency": null}},{"type": "Feature", "geometry": {"type":"Polygon","coordinates":[[[90.3848935,24.4007185],[90.3849028,24.4003655],[90.385176,24.4003548],[90.3851737,24.4007121],[90.3848935,24.4007185]]]}, "properties": {"osm_id": 538909574, "osm_type": "ways_poly", "amenity": "police", "name": "Bhaluka Thana Complex ভালুকা থানা", "building": "yes", "emergency": null}},{"type": "Feature", "geometry": {"type":"Polygon","coordinates":[[[91.0111245,24.8961928],[91.0112435,24.8959782],[91.0114012,24.8960502],[91.0112822,24.8962648],[91.0111245,24.8961928]]]}, "properties": {"osm_id": 539953410, "osm_type": "ways_poly", "amenity": "police", "name": "Dharmapasha Police Station ধর্মপাশা থানা", "building": "yes", "emergency": null}},{"type": "Feature", "geometry": {"type":"Polygon","coordinates":[[[91.8978417,25.571446],[91.8980276,25.5713259],[91.8981608,25.5714594],[91.8982453,25.5713946],[91.8981228,25.5712458],[91.8981671,25.5712096],[91.8981164,25.5711467],[91.8980636,25.5711753],[91.8978522,25.5708874],[91.8979664,25.570815],[91.8979981,25.5708588],[91.8980572,25.5708245],[91.8980298,25.5707845],[91.8981587,25.5707158],[91.8983722,25.5709904],[91.8981545,25.57112],[91.8981946,25.5711734],[91.8982136,25.5711658],[91.8982327,25.5711829],[91.8983827,25.57108],[91.8983553,25.5710418],[91.8983996,25.5710056],[91.8984757,25.5710914],[91.8983616,25.571181],[91.8985772,25.571366],[91.8987294,25.5715032],[91.8986786,25.57157],[91.8986216,25.5715299],[91.898649,25.5714918],[91.8985793,25.571446],[91.8985307,25.5715089],[91.8986638,25.5715986],[91.8986025,25.5716805],[91.8984102,25.5715547],[91.8983679,25.5715547],[91.8982073,25.5716958],[91.8981122,25.5716272],[91.8980826,25.5716558],[91.8980129,25.571589],[91.8979917,25.5716005],[91.8978417,25.571446]]]}, "properties": {"osm_id": 275869227, "osm_type": "ways_poly", "amenity": null, "name": "Nazareth Hospital", "building": "hospital", "emergency": "yes"}},{"type": "Feature", "geometry": {"type":"Polygon","coordinates":[[[89.7005675,24.4581283],[89.700593,24.4580014],[89.7006869,24.4577277],[89.701516,24.4581751],[89.7014185,24.458385],[89.7013702,24.4584759],[89.7010825,24.4583896],[89.7008586,24.45832],[89.7006507,24.4582419],[89.7006011,24.4581857],[89.7005675,24.4581283]]]}, "properties": {"osm_id": 620432106, "osm_type": "ways_poly", "amenity": "police", "name": "Sirajganj Police Station", "building": null, "emergency": null}},{"type": "Feature", "geometry": {"type":"Polygon","coordinates":[[[90.6850858,25.1256306],[90.6850971,25.1255673],[90.6852649,25.1255919],[90.6852536,25.1256552],[90.6850858,25.1256306]]]}, "properties": {"osm_id": 356338238, "osm_type": "ways_poly", "amenity": "fire_station", "name": "Durgapur Fire Station", "building": "yes", "emergency": null}},{"type": "Feature", "geometry": {"type":"Polygon","coordinates":[[[89.8245135,24.6765803],[89.8246837,24.6765408],[89.8246524,24.6764294],[89.8247658,24.6764031],[89.8247861,24.6764751],[89.824704,24.6764941],[89.8247136,24.6765283],[89.8247799,24.6765129],[89.8248137,24.6766331],[89.8245457,24.6766952],[89.8245135,24.6765803]]]}, "properties": {"osm_id": 516562962, "osm_type": "ways_poly", "amenity": "police", "name": "Tarakandi Police Station", "building": "yes", "emergency": null}},{"type": "Feature", "geometry": {"type":"Polygon","coordinates":[[[89.8236138,24.3874256],[89.8238016,24.3873657],[89.8238673,24.3875746],[89.8236728,24.3876259],[89.8236138,24.3874256]]]}, "properties": {"osm_id": 526958430, "osm_type": "ways_poly", "amenity": "police", "name": "Bangabandhu Setu East police Station বঙ্গবন্ধু সেতুপূর্ব থানা", "building": "yes", "emergency": null}},{"type": "Feature", "geometry": {"type":"Polygon","coordinates":[[[91.8618307,24.8976431],[91.8620982,24.8976213],[91.8621055,24.8976942],[91.8618379,24.8977161],[91.8618307,24.8976431]]]}, "properties": {"osm_id": 537079689, "osm_type": "ways_poly", "amenity": "hospital", "name": "Adhunik Hospital আধুনিক হাসপাতালের", "building": "yes", "emergency": "yes"}},{"type": "Feature", "geometry": {"type":"Polygon","coordinates":[[[91.8816448,25.5793173],[91.88199,25.5792314],[91.8820024,25.5792719],[91.881981,25.5792772],[91.8819871,25.579297],[91.8819532,25.5793054],[91.881998,25.579452],[91.8819377,25.579467],[91.8819084,25.5793711],[91.8817924,25.5794],[91.8818221,25.5794969],[91.8817533,25.579514],[91.881708,25.5793659],[91.8816796,25.579373],[91.8816708,25.5793445],[91.8816544,25.5793486],[91.8816448,25.5793173]]]}, "properties": {"osm_id": 281318863, "osm_type": "ways_poly", "amenity": "police", "name": "Shillong Sadar Police Station", "building": "yes", "emergency": null}},{"type": "Feature", "geometry": {"type":"Polygon","coordinates":[[[91.5775331,25.2941214],[91.5775358,25.2939756],[91.5776495,25.2939771],[91.5776444,25.2941208],[91.5775331,25.2941214]]]}, "properties": {"osm_id": 936547379, "osm_type": "ways_poly", "amenity": "police", "name": null, "building": "yes", "emergency": null}},{"type": "Feature", "geometry": {"type":"Polygon","coordinates":[[[91.9010156,25.5663349],[91.9010827,25.5661849],[91.9011873,25.5660711],[91.9012267,25.5660674],[91.9012436,25.5662913],[91.9010156,25.5663349]]]}, "properties": {"osm_id": 278820821, "osm_type": "ways_poly", "amenity": "hospital", "name": "Bethany Hospital", "building": null, "emergency": "yes"}},{"type": "Feature", "geometry": {"type":"Polygon","coordinates":[[[91.8897506,25.5663052],[91.8899717,25.5661237],[91.8900568,25.5662081],[91.8898357,25.5663895],[91.8897506,25.5663052]]]}, "properties": {"osm_id": 275873543, "osm_type": "ways_poly", "amenity": null, "name": "Woodland Hospital", "building": "hospital", "emergency": "yes"}},{"type": "Feature", "geometry": {"type":"Polygon","coordinates":[[[92.031864,25.1838049],[92.0319577,25.1837622],[92.0320048,25.1838465],[92.0319112,25.1838893],[92.031864,25.1838049]]]}, "properties": {"osm_id": 557825116, "osm_type": "ways_poly", "amenity": "police", "name": "Border Security Force", "building": "yes", "emergency": null}},{"type": "Feature", "geometry": {"type":"Polygon","coordinates":[[[91.184471,27.6735262],[91.1845332,27.6732711],[91.1846632,27.6732954],[91.1848924,27.6732483],[91.1849954,27.6731284],[91.185103,27.6731043],[91.1851752,27.67297],[91.1855078,27.6729962],[91.1855852,27.6730673],[91.1855164,27.6734489],[91.184941,27.6734763],[91.1848712,27.6735573],[91.1846534,27.673593],[91.184471,27.6735262]]]}, "properties": {"osm_id": 969546895, "osm_type": "ways_poly", "amenity": "hospital", "name": "Lhuentse Hospital", "building": null, "emergency": "yes"}},{"type": "Feature", "geometry": {"type":"Polygon","coordinates":[[[91.3485887,27.1979036],[91.3486072,27.1977569],[91.3488537,27.1977816],[91.3488444,27.1978268],[91.3491834,27.1978474],[91.3491387,27.1978912],[91.3491433,27.1979529],[91.3491895,27.197946],[91.3492065,27.1980282],[91.3492619,27.1980365],[91.3492249,27.1984037],[91.3488799,27.1984078],[91.3488244,27.1981995],[91.3486426,27.1981488],[91.3485887,27.1979036]]]}, "properties": {"osm_id": 1160007565, "osm_type": "ways_poly", "amenity": "hospital", "name": "Thangrong BHU II", "building": null, "emergency": "yes"}},{"type": "Feature", "geometry": {"type":"Polygon","coordinates":[[[91.5504968,27.3341134],[91.5506373,27.3341127],[91.5506382,27.3342666],[91.5504977,27.3342672],[91.5504968,27.3341134]]]}, "properties": {"osm_id": 188076283, "osm_type": "ways_poly", "amenity": "police", "name": "Royal Bhutan Police", "building": "yes", "emergency": null}},{"type": "Feature", "geometry": {"type":"Polygon","coordinates":[[[91.2373003,27.2783676],[91.2373111,27.278289],[91.2375364,27.2783104],[91.2377442,27.2783033],[91.2379132,27.2782818],[91.2380406,27.2782711],[91.2381251,27.278252],[91.2382136,27.2782043],[91.2383746,27.2781853],[91.2386025,27.27814],[91.238974,27.2780971],[91.2395655,27.2780911],[91.2395246,27.2787687],[91.2395172,27.2788051],[91.2394977,27.278839],[91.2394716,27.2788569],[91.2393911,27.2788843],[91.2393321,27.2789427],[91.2392081,27.2789678],[91.2390149,27.2790149],[91.2390239,27.2790611],[91.2387389,27.2791051],[91.2387215,27.2790157],[91.2385415,27.2790435],[91.2385237,27.2789524],[91.2384242,27.2789624],[91.2383115,27.2789803],[91.2382177,27.2790065],[91.2381224,27.2790363],[91.2380453,27.2790375],[91.2379917,27.2790172],[91.2379367,27.2789749],[91.2378958,27.2789147],[91.2377295,27.2786406],[91.2375538,27.2784117],[91.2373003,27.2783676]]]}, "properties": {"osm_id": 975543449, "osm_type": "ways_poly", "amenity": "hospital", "name": "Eastern Regional Referral Hospital", "building": null, "emergency": "yes"}},{"type": "Feature", "geometry": {"type":"Polygon","coordinates":[[[92.3647189,24.8870962],[92.3649088,24.8870854],[92.3649125,24.8871387],[92.364916,24.8871889],[92.3647261,24.8871998],[92.3647189,24.8870962]]]}, "properties": {"osm_id": 1089107238, "osm_type": "ways_poly", "amenity": "fire_station", "name": "Zakiganj Fire Service", "building": "yes", "emergency": null}},{"type": "Feature", "geometry": {"type":"Polygon","coordinates":[[[95.356841,27.487975],[95.3569223,27.4879255],[95.3568778,27.487868],[95.3569459,27.4878265],[95.3570457,27.4879555],[95.3568963,27.4880465],[95.356841,27.487975]]]}, "properties": {"osm_id": 1111567635, "osm_type": "ways_poly", "amenity": "police", "name": null, "building": "yes", "emergency": null}},{"type": "Feature", "geometry": {"type":"Polygon","coordinates":[[[89.9430372,24.9327728],[89.9431164,24.9327276],[89.9431431,24.9327627],[89.9430665,24.9328111],[89.9430372,24.9327728]]]}, "properties": {"osm_id": 323196485, "osm_type": "ways_poly", "amenity": "hospital", "name": "Islamia Eye Hospital", "building": null, "emergency": "no"}},{"type": "Feature", "geometry": {"type":"Polygon","coordinates":[[[89.9420947,24.9331153],[89.9422013,24.9330527],[89.9422758,24.9331569],[89.9422755,24.933157],[89.9423654,24.9332819],[89.9422403,24.933356],[89.9421368,24.9332122],[89.9421558,24.9332009],[89.9420947,24.9331153]]]}, "properties": {"osm_id": 250181205, "osm_type": "ways_poly", "amenity": "hospital", "name": "Jamalpur Central Hospital", "building": null, "emergency": "yes"}},{"type": "Feature", "geometry": {"type":"Polygon","coordinates":[[[90.1521222,24.256827],[90.1525044,24.2568196],[90.1525084,24.2569012],[90.1521263,24.2569086],[90.1521222,24.256827]]]}, "properties": {"osm_id": 781290384, "osm_type": "ways_poly", "amenity": "hospital", "name": "MI Room PKP", "building": null, "emergency": "yes"}},{"type": "Feature", "geometry": {"type":"Polygon","coordinates":[[[91.8363159,24.9244791],[91.8363503,24.9243902],[91.8364817,24.9243294],[91.8366292,24.9243124],[91.8367499,24.9243294],[91.8368465,24.9243659],[91.8369216,24.9244145],[91.8369645,24.9244924],[91.8369833,24.9246164],[91.8369967,24.9247453],[91.8369886,24.9248524],[91.8369001,24.9249278],[91.8367338,24.924974],[91.8366185,24.9249862],[91.8365506,24.9249751],[91.8365124,24.9249394],[91.8364803,24.9248353],[91.8364393,24.9246852],[91.8364354,24.9246031],[91.8363988,24.9245771],[91.8363523,24.9245646],[91.8363159,24.9244791]]]}, "properties": {"osm_id": 645548001, "osm_type": "ways_poly", "amenity": null, "name": "Bijoy24 Hall pond", "building": null, "emergency": "fire_water_pond"}},{"type": "Feature", "geometry": {"type":"Polygon","coordinates":[[[89.9149337,24.2678272],[89.9150291,24.2642709],[89.9184807,24.2647495],[89.9179439,24.2665693],[89.9178843,24.2681209],[89.9173951,24.2680991],[89.9168862,24.2680483],[89.9149337,24.2678272]]]}, "properties": {"osm_id": 1449942444, "osm_type": "ways_poly", "amenity": "police", "name": "Police Lines Area (Tangail)", "building": null, "emergency": null}},{"type": "Feature", "geometry": {"type":"Polygon","coordinates":[[[91.4245588,27.0294721],[91.4246112,27.0294624],[91.424634,27.0295604],[91.4245816,27.02957],[91.4245588,27.0294721]]]}, "properties": {"osm_id": 974109974, "osm_type": "ways_poly", "amenity": "police", "name": "PG police station", "building": "yes", "emergency": null}},{"type": "Feature", "geometry": {"type":"Polygon","coordinates":[[[91.3465656,27.0190413],[91.3470859,27.0183818],[91.3475875,27.0181596],[91.3482286,27.0189864],[91.3472388,27.0196172],[91.3469022,27.0193293],[91.3465656,27.0190413]]]}, "properties": {"osm_id": 1160017741, "osm_type": "ways_poly", "amenity": "hospital", "name": "Yurung Primary Health Care Center", "building": null, "emergency": "yes"}},{"type": "Feature", "geometry": {"type":"Polygon","coordinates":[[[90.0758176,26.3904188],[90.0758344,26.3903182],[90.0759691,26.3903361],[90.0759524,26.3904367],[90.0758176,26.3904188]]]}, "properties": {"osm_id": 1248084698, "osm_type": "ways_poly", "amenity": "police", "name": "Tulisibil Police Out Post", "building": "yes", "emergency": null}},{"type": "Feature", "geometry": {"type":"Polygon","coordinates":[[[94.2978054,24.2392485],[94.2978778,24.2383289],[94.2986262,24.2386077],[94.298704,24.2387593],[94.2992035,24.2388728],[94.299624,24.238955],[94.2997608,24.2386615],[94.3002596,24.2387422],[94.3006754,24.2389819],[94.3005735,24.2392118],[94.3003052,24.2396007],[94.3001872,24.2398648],[94.300206,24.2402096],[94.2998198,24.240102],[94.2992726,24.2400825],[94.2987683,24.2401436],[94.2987415,24.240014],[94.2986798,24.2400336],[94.298583,24.2400121],[94.2985108,24.2399822],[94.2984787,24.2395004],[94.2983767,24.2393977],[94.2978054,24.2392485]]]}, "properties": {"osm_id": 1467793957, "osm_type": "ways_poly", "amenity": "police", "name": "Integrated Check Post Moreh (Moreh ICP)", "building": null, "emergency": null}},{"type": "Feature", "geometry": {"type":"Polygon","coordinates":[[[91.8555482,24.8644145],[91.8558633,24.8643561],[91.8557641,24.8640337],[91.8561704,24.8639302],[91.8561396,24.8637416],[91.8564172,24.8637027],[91.8565258,24.8644072],[91.8576913,24.8642223],[91.8571763,24.8657883],[91.8566452,24.8657481],[91.8565325,24.86522],[91.8561745,24.8652261],[91.8559317,24.8645934],[91.8556058,24.8646676],[91.8555482,24.8644145]]]}, "properties": {"osm_id": 986184679, "osm_type": "ways_poly", "amenity": "hospital", "name": "North East Medical College Hospital", "building": null, "emergency": "yes"}},{"type": "Feature", "geometry": {"type":"Polygon","coordinates":[[[90.7725287,24.4663261],[90.7732969,24.4647093],[90.7731655,24.4646629],[90.773549,24.4639231],[90.7748862,24.4659385],[90.7743725,24.4659495],[90.7737905,24.4676035],[90.7725287,24.4663261]]]}, "properties": {"osm_id": 579903873, "osm_type": "ways_poly", "amenity": "police", "name": "kishireganj police lines", "building": null, "emergency": null}},{"type": "Feature", "geometry": {"type":"Polygon","coordinates":[[[93.9742788,26.5102389],[93.9744881,26.5102341],[93.9744827,26.5103685],[93.9742842,26.5103781],[93.9742788,26.5102389]]]}, "properties": {"osm_id": 749313307, "osm_type": "ways_poly", "amenity": "police", "name": "Assam Police Quarters", "building": "yes", "emergency": null}},{"type": "Feature", "geometry": {"type":"Polygon","coordinates":[[[91.51106,26.4112623],[91.518259,26.4110125],[91.518302,26.4130976],[91.5116286,26.4135108],[91.5110814,26.4119541],[91.51106,26.4112623]]]}, "properties": {"osm_id": 1254970091, "osm_type": "ways_poly", "amenity": "hospital", "name": null, "building": null, "emergency": "yes"}},{"type": "Feature", "geometry": {"type":"Polygon","coordinates":[[[91.2745115,27.0003239],[91.2748628,26.9998531],[91.2753188,26.9996664],[91.2755575,26.9998311],[91.2754867,27.000026],[91.2747703,27.0005256],[91.2745115,27.0003239]]]}, "properties": {"osm_id": 1160016976, "osm_type": "ways_poly", "amenity": "hospital", "name": "Thrimchung BHU", "building": null, "emergency": "yes"}},{"type": "Feature", "geometry": {"type":"Polygon","coordinates":[[[90.6526592,24.4248509],[90.6527515,24.4248368],[90.6527576,24.4248701],[90.6527902,24.4248651],[90.6528295,24.4250775],[90.6528648,24.4250721],[90.6528558,24.4250236],[90.6528893,24.4250185],[90.6528928,24.425037],[90.6529712,24.425025],[90.6530339,24.4250155],[90.6530454,24.4250776],[90.6529701,24.425089],[90.6529804,24.4251445],[90.6527209,24.4251843],[90.6526592,24.4248509]]]}, "properties": {"osm_id": 561443319, "osm_type": "ways_poly", "amenity": "police", "name": "Hossaipur Thana", "building": "office", "emergency": null}},{"type": "Feature", "geometry": {"type":"Polygon","coordinates":[[[95.0614146,27.7749041],[95.061571,27.7740799],[95.0623635,27.7742798],[95.0621758,27.7751286],[95.0614146,27.7749041]]]}, "properties": {"osm_id": 618206226, "osm_type": "ways_poly", "amenity": "police", "name": "13th APBN", "building": null, "emergency": null}},{"type": "Feature", "geometry": {"type":"Polygon","coordinates":[[[91.7809742,26.1540068],[91.781082,26.153855],[91.7813891,26.1540307],[91.7812813,26.1541826],[91.7809742,26.1540068]]]}, "properties": {"osm_id": 736461152, "osm_type": "ways_poly", "amenity": "hospital", "name": "Apollo Hospitals", "building": null, "emergency": "yes"}},{"type": "Feature", "geometry": {"type":"Polygon","coordinates":[[[93.6908842,27.1033106],[93.6920241,27.1028808],[93.6922467,27.1034825],[93.6911765,27.1039361],[93.6908842,27.1033106]]]}, "properties": {"osm_id": 357356352, "osm_type": "ways_poly", "amenity": "hospital", "name": "Arunachal State Hospital", "building": null, "emergency": "yes"}},{"type": "Feature", "geometry": {"type":"Polygon","coordinates":[[[93.6400577,26.9715447],[93.6401054,26.9713798],[93.6407115,26.9715189],[93.6406642,26.9716828],[93.6400577,26.9715447]]]}, "properties": {"osm_id": 1347725323, "osm_type": "ways_poly", "amenity": "fire_station", "name": "Donyi Polo Airport Fire Station", "building": "yes", "emergency": null}},{"type": "Feature", "geometry": {"type":"Polygon","coordinates":[[[91.9392723,25.5912675],[91.9392883,25.5912385],[91.9393067,25.5912105],[91.9393416,25.5912009],[91.9393684,25.5912105],[91.9394738,25.5911074],[91.9396708,25.590911],[91.9398244,25.5910219],[91.9399509,25.590895],[91.9397887,25.5907708],[91.9398512,25.590705],[91.9400202,25.5905453],[91.9399441,25.5904909],[91.9399105,25.5905246],[91.9398845,25.5904985],[91.9398577,25.5905275],[91.9398281,25.5905023],[91.9398107,25.5905248],[91.9397592,25.5905013],[91.9397289,25.5904665],[91.93971,25.5904304],[91.9397139,25.5903728],[91.939732,25.5903246],[91.9397606,25.590293],[91.9398023,25.5902684],[91.9398545,25.5902513],[91.9399148,25.5902602],[91.939958,25.5902808],[91.939984,25.5903128],[91.9400003,25.5903551],[91.9399839,25.5903871],[91.9400258,25.5904245],[91.9400464,25.5904012],[91.9400763,25.5903894],[91.9401104,25.5903945],[91.9401405,25.5904218],[91.9401463,25.5904679],[91.9401794,25.5904983],[91.940233,25.5904451],[91.9403133,25.590508],[91.9404426,25.5903543],[91.9403244,25.5902633],[91.9402917,25.5902405],[91.940335,25.5901938],[91.9403561,25.5902129],[91.940411,25.5901557],[91.9403793,25.5901233],[91.9404036,25.5901033],[91.9403488,25.5900463],[91.9405089,25.5900415],[91.9404823,25.5900782],[91.9405092,25.5901138],[91.940526,25.5900954],[91.9406429,25.5902007],[91.9406708,25.5901243],[91.9407038,25.590108],[91.9407567,25.590111],[91.94079,25.5901355],[91.9408025,25.5901845],[91.9407924,25.5902223],[91.9407698,25.5902446],[91.9407418,25.590253],[91.9406913,25.590252],[91.9407482,25.5903046],[91.9407598,25.5902918],[91.941001,25.5905235],[91.9409601,25.590567],[91.941,25.5906026],[91.9409134,25.5906929],[91.9408576,25.5906446],[91.9408361,25.5906688],[91.9409521,25.5907632],[91.9410099,25.5906981],[91.9414208,25.5910435],[91.941077,25.5914065],[91.94081,25.5911748],[91.9405476,25.5914307],[91.9404854,25.5913729],[91.940364,25.5914888],[91.9402965,25.5914228],[91.940397,25.5913193],[91.940178,25.5911482],[91.9399372,25.5913881],[91.9399746,25.5914258],[91.9398967,25.5915251],[91.9400088,25.5916163],[91.939866,25.5917558],[91.9395505,25.591467],[91.939478,25.5915371],[91.9394234,25.5915965],[91.9393881,25.5916349],[91.9392946,25.5915617],[91.9393273,25.5915275],[91.939406,25.5914452],[91.9394225,25.5914538],[91.9394466,25.5914199],[91.9392723,25.5912675]]]}, "properties": {"osm_id": 125156634, "osm_type": "ways_poly", "amenity": "public_building", "name": "NEIGRIHMS", "building": "yes", "emergency": "yes"}},{"type": "Feature", "geometry": {"type":"Polygon","coordinates":[[[91.389357,25.0477849],[91.3897198,25.0477945],[91.3897003,25.0481648],[91.3893729,25.0481696],[91.389357,25.0477849]]]}, "properties": {"osm_id": 539372830, "osm_type": "ways_poly", "amenity": "police", "name": "Sunamganj Police Line", "building": "yes", "emergency": null}},{"type": "Feature", "geometry": {"type":"Polygon","coordinates":[[[92.1224635,25.1359071],[92.1229509,25.1358093],[92.1230361,25.1361572],[92.1225487,25.136255],[92.1224635,25.1359071]]]}, "properties": {"osm_id": 531373543, "osm_type": "ways_poly", "amenity": "police", "name": "Jaintiapur Police Station", "building": "yes", "emergency": null}},{"type": "Feature", "geometry": {"type":"Polygon","coordinates":[[[92.0323367,25.1830282],[92.0324232,25.1830134],[92.0324394,25.1830909],[92.0323529,25.1831057],[92.0323367,25.1830282]]]}, "properties": {"osm_id": 557825118, "osm_type": "ways_poly", "amenity": "police", "name": "Tamabil Immigration Police Check Post", "building": "yes", "emergency": null}},{"type": "Feature", "geometry": {"type":"Polygon","coordinates":[[[93.1751209,25.7525016],[93.1751249,25.7524883],[93.1751813,25.7524823],[93.1751638,25.7524195],[93.1751824,25.7524154],[93.1752778,25.7523941],[93.1752899,25.7524448],[93.1753489,25.75244],[93.1753717,25.7525813],[93.1751451,25.7526176],[93.175133,25.7525741],[93.175129,25.7525366],[93.1751209,25.7525016]]]}, "properties": {"osm_id": 852609598, "osm_type": "ways_poly", "amenity": "police", "name": "Lumding Police Station", "building": "yes", "emergency": null}},{"type": "Feature", "geometry": {"type":"Polygon","coordinates":[[[93.007746,25.1722837],[93.007848,25.1721405],[93.0079606,25.1719875],[93.0082074,25.1718346],[93.0084246,25.1717472],[93.0085373,25.1718734],[93.0086124,25.1720531],[93.0085829,25.1721429],[93.0084354,25.1722643],[93.0082986,25.1723517],[93.0081215,25.1724148],[93.0079848,25.1724512],[93.0079123,25.1724488],[93.007746,25.1722837]]]}, "properties": {"osm_id": 1352750832, "osm_type": "ways_poly", "amenity": null, "name": "Dibarai Helipad", "building": null, "emergency": "landing_site"}},{"type": "Feature", "geometry": {"type":"Polygon","coordinates":[[[92.3676489,24.8757204],[92.3678461,24.8757107],[92.3678488,24.8757556],[92.3676516,24.8757653],[92.3676489,24.8757204]]]}, "properties": {"osm_id": 1072976695, "osm_type": "ways_poly", "amenity": "police", "name": "Zakiganj Police Station", "building": "yes", "emergency": null}},{"type": "Feature", "geometry": {"type":"Polygon","coordinates":[[[92.251972,25.0168424],[92.2523298,25.0166877],[92.2524518,25.0169676],[92.2521265,25.017104],[92.251972,25.0168424]]]}, "properties": {"osm_id": 1289843509, "osm_type": "ways_poly", "amenity": "fire_station", "name": "Kanaighat Fire Service Station", "building": null, "emergency": null}},{"type": "Feature", "geometry": {"type":"Polygon","coordinates":[[[92.356283,24.8688122],[92.3563664,24.8687938],[92.3564375,24.8690335],[92.3563399,24.8690501],[92.356283,24.8688122]]]}, "properties": {"osm_id": 1094344545, "osm_type": "ways_poly", "amenity": "police", "name": "S.P. Office Karimganj.", "building": "yes", "emergency": null}},{"type": "Feature", "geometry": {"type":"Polygon","coordinates":[[[92.4568554,24.9141371],[92.4570111,24.9140886],[92.4570334,24.9141474],[92.4568776,24.9141959],[92.4568554,24.9141371]]]}, "properties": {"osm_id": 1077007727, "osm_type": "ways_poly", "amenity": "hospital", "name": "মতিন ডাক্তার হাসপাতাল", "building": null, "emergency": "yes"}},{"type": "Feature", "geometry": {"type":"Polygon","coordinates":[[[90.3360907,25.1076677],[90.3364863,25.1076471],[90.336481,25.107947],[90.3360934,25.1079677],[90.3360907,25.1076677]]]}, "properties": {"osm_id": 540117698, "osm_type": "ways_poly", "amenity": "fire_station", "name": "Haluaghat Upazilla Fire Service and Difence হালুয়াঘাট উপজেলা ফায়ার সার্ভিস ও ডিফেন্স", "building": "yes", "emergency": null}},{"type": "Feature", "geometry": {"type":"Polygon","coordinates":[[[90.1935531,25.0856287],[90.1936041,25.0855291],[90.1939514,25.0856542],[90.1938978,25.0857563],[90.1935531,25.0856287]]]}, "properties": {"osm_id": 540318169, "osm_type": "ways_poly", "amenity": "police", "name": "Nalitabari Police Station নালিতাবাড়ী থানার", "building": "yes", "emergency": null}},{"type": "Feature", "geometry": {"type":"Polygon","coordinates":[[[91.935462,24.8770249],[91.938025,24.8756967],[91.9401919,24.8786454],[91.937899,24.8796115],[91.935462,24.8770249]]]}, "properties": {"osm_id": 1287949914, "osm_type": "ways_poly", "amenity": "police", "name": "Sylhet Cantonment", "building": "yes", "emergency": null}},{"type": "Feature", "geometry": {"type":"Polygon","coordinates":[[[91.8991647,25.5693777],[91.8993372,25.5692862],[91.899403,25.5693874],[91.8992306,25.5694788],[91.8991647,25.5693777]]]}, "properties": {"osm_id": 745209590, "osm_type": "ways_poly", "amenity": "police", "name": "Laitumkhrah Police Station", "building": "yes", "emergency": null}},{"type": "Feature", "geometry": {"type":"Polygon","coordinates":[[[94.5183312,26.3243249],[94.5183635,26.3241695],[94.5185327,26.3239692],[94.5186378,26.3238415],[94.5187198,26.3239056],[94.5188804,26.3240229],[94.5191991,26.324224],[94.5186643,26.3243166],[94.518481,26.3243382],[94.5183312,26.3243249]]]}, "properties": {"osm_id": 262879659, "osm_type": "ways_poly", "amenity": "police", "name": "PS-2", "building": null, "emergency": null}},{"type": "Feature", "geometry": {"type":"Polygon","coordinates":[[[94.0986574,25.6637285],[94.0989593,25.6636792],[94.0989741,25.663805],[94.098988,25.6639228],[94.0989133,25.6641275],[94.0989162,25.6641793],[94.0987925,25.6642001],[94.0987063,25.6639902],[94.0986574,25.6637285]]]}, "properties": {"osm_id": 740874628, "osm_type": "ways_poly", "amenity": "police", "name": "SP Office", "building": "yes", "emergency": null}},{"type": "Feature", "geometry": {"type":"Polygon","coordinates":[[[90.1916492,27.6147572],[90.1917705,27.6147253],[90.1917941,27.614796],[90.1917675,27.614803],[90.1917902,27.6148706],[90.1918168,27.6148636],[90.1918429,27.6149416],[90.1917216,27.6149735],[90.1916492,27.6147572]]]}, "properties": {"osm_id": 971208847, "osm_type": "ways_poly", "amenity": "hospital", "name": "Dangchhu BHU", "building": "hospital", "emergency": "no"}},{"type": "Feature", "geometry": {"type":"Polygon","coordinates":[[[91.891491,24.874996],[91.8917901,24.8749444],[91.8918093,24.875036],[91.8915102,24.8750876],[91.891491,24.874996]]]}, "properties": {"osm_id": 1024380645, "osm_type": "ways_poly", "amenity": "fire_station", "name": "Fire Service & Civil Defence Station, Gotatikor", "building": "yes", "emergency": null}},{"type": "Feature", "geometry": {"type":"Polygon","coordinates":[[[91.5519713,24.9267637],[91.5522935,24.9267273],[91.552329,24.9269861],[91.5522071,24.9269999],[91.5520069,24.9270225],[91.5519992,24.9269671],[91.5519713,24.9267637]]]}, "properties": {"osm_id": 539204499, "osm_type": "ways_poly", "amenity": "police", "name": "দেওচারা", "building": "yes", "emergency": null}},{"type": "Feature", "geometry": {"type":"Polygon","coordinates":[[[91.9827881,25.0932082],[91.9829907,25.0931857],[91.98302,25.0934024],[91.9828174,25.0934249],[91.9827881,25.0932082]]]}, "properties": {"osm_id": 715294783, "osm_type": "ways_poly", "amenity": "police", "name": "Gowainghat Police Station", "building": "yes", "emergency": null}},{"type": "Feature", "geometry": {"type":"Polygon","coordinates":[[[90.3581239,24.9596773],[90.3585235,24.9595217],[90.3585986,24.9597466],[90.3582151,24.9599035],[90.3581239,24.9596773]]]}, "properties": {"osm_id": 540114738, "osm_type": "ways_poly", "amenity": "fire_station", "name": "Phulpur Fire Service ফুলপুর ফায়ার সার্ভিস", "building": "yes", "emergency": null}},{"type": "Feature", "geometry": {"type":"Polygon","coordinates":[[[90.9702969,24.8717629],[90.9705235,24.8717385],[90.9705409,24.871848],[90.970317,24.8718809],[90.9702969,24.8717629]]]}, "properties": {"osm_id": 539949414, "osm_type": "ways_poly", "amenity": "fire_station", "name": "Mohanganj Fire Station. মোহনগঞ্জের ফায়ার স্টেশন।", "building": "yes", "emergency": null}},{"type": "Feature", "geometry": {"type":"Polygon","coordinates":[[[90.7318929,24.8760345],[90.7319006,24.8760089],[90.7319185,24.8759879],[90.7319439,24.8759746],[90.7319729,24.8759713],[90.7320012,24.8759782],[90.7320244,24.8759945],[90.732039,24.8760175],[90.7320427,24.8760439],[90.732035,24.8760695],[90.7320171,24.8760906],[90.7319917,24.8761038],[90.7319627,24.8761072],[90.7319344,24.8761002],[90.7319112,24.876084],[90.7318966,24.8760609],[90.7318929,24.8760345]]]}, "properties": {"osm_id": 605035811, "osm_type": "ways_poly", "amenity": null, "name": null, "building": null, "emergency": "water_tank"}},{"type": "Feature", "geometry": {"type":"Polygon","coordinates":[[[90.7357081,24.8820362],[90.7359114,24.8820177],[90.7359247,24.8821387],[90.7357214,24.8821571],[90.7357081,24.8820362]]]}, "properties": {"osm_id": 337536050, "osm_type": "ways_poly", "amenity": "fire_station", "name": null, "building": "yes", "emergency": null}},{"type": "Feature", "geometry": {"type":"Polygon","coordinates":[[[91.7626672,24.4473746],[91.7633227,24.4473035],[91.7633441,24.4474668],[91.7626885,24.4475379],[91.7626672,24.4473746]]]}, "properties": {"osm_id": 495601818, "osm_type": "ways_poly", "amenity": "police", "name": "Moulvibazar Police Lines", "building": "yes", "emergency": null}},{"type": "Feature", "geometry": {"type":"Polygon","coordinates":[[[90.5068927,27.5044999],[90.5068963,27.5044803],[90.5069091,27.5044641],[90.5069286,27.5044543],[90.5069509,27.5044531],[90.5069717,27.5044605],[90.5069867,27.5044752],[90.506993,27.5044943],[90.5069895,27.5045138],[90.5069767,27.5045301],[90.5069572,27.5045398],[90.5069348,27.5045411],[90.5069141,27.5045336],[90.5068991,27.5045189],[90.5068927,27.5044999]]]}, "properties": {"osm_id": 1061697628, "osm_type": "ways_poly", "amenity": null, "name": "water Tank", "building": "yes", "emergency": "water_tank"}},{"type": "Feature", "geometry": {"type":"Polygon","coordinates":[[[90.5066491,27.5076872],[90.5066539,27.5076714],[90.506666,27.5076589],[90.5066829,27.5076523],[90.5067015,27.5076529],[90.5067179,27.5076605],[90.5067289,27.5076738],[90.5067323,27.5076899],[90.5067276,27.5077058],[90.5067155,27.5077183],[90.5066985,27.5077248],[90.50668,27.5077243],[90.5066636,27.5077166],[90.5066526,27.5077034],[90.5066491,27.5076872]]]}, "properties": {"osm_id": 1062631497, "osm_type": "ways_poly", "amenity": null, "name": "BPT", "building": "yes", "emergency": "water_tank"}},{"type": "Feature", "geometry": {"type":"Polygon","coordinates":[[[93.893065,24.7598109],[93.8931996,24.7597262],[93.8936099,24.7602645],[93.8934753,24.7603491],[93.893065,24.7598109]]]}, "properties": {"osm_id": 788999102, "osm_type": "ways_poly", "amenity": "fire_station", "name": null, "building": "yes", "emergency": null}},{"type": "Feature", "geometry": {"type":"Polygon","coordinates":[[[93.9586696,24.8061135],[93.9596346,24.805995],[93.9597958,24.8071219],[93.9587848,24.8071869],[93.9586696,24.8061135]]]}, "properties": {"osm_id": 366032111, "osm_type": "ways_poly", "amenity": "police", "name": "Porompat Police Station", "building": "yes", "emergency": null}},{"type": "Feature", "geometry": {"type":"Polygon","coordinates":[[[92.802065,24.823245],[92.8022501,24.823245],[92.8023574,24.8234592],[92.8020918,24.823632],[92.802065,24.823245]]]}, "properties": {"osm_id": 388929564, "osm_type": "ways_poly", "amenity": "police", "name": "Sadar Thana", "building": "yes", "emergency": null}},{"type": "Feature", "geometry": {"type":"Polygon","coordinates":[[[93.9407195,24.7996438],[93.9408834,24.7996438],[93.9408834,24.7997877],[93.9407195,24.7997877],[93.9407195,24.7996438]]]}, "properties": {"osm_id": 1096522183, "osm_type": "ways_poly", "amenity": "police", "name": "DIGP(R-I) OFFICE", "building": "yes", "emergency": null}},{"type": "Feature", "geometry": {"type":"Polygon","coordinates":[[[92.1587344,24.8252922],[92.1587441,24.8249556],[92.1593075,24.8249586],[92.1595943,24.8252735],[92.1587344,24.8252922]]]}, "properties": {"osm_id": 507999421, "osm_type": "ways_poly", "amenity": "police", "name": null, "building": null, "emergency": null}},{"type": "Feature", "geometry": {"type":"Polygon","coordinates":[[[89.8791309,26.9725822],[89.8793038,26.9724611],[89.8793666,26.9725324],[89.87943,26.972488],[89.8798945,26.9730155],[89.8796582,26.9731808],[89.8791309,26.9725822]]]}, "properties": {"osm_id": 1155809609, "osm_type": "ways_poly", "amenity": "hospital", "name": "Bjurugang PHC", "building": null, "emergency": "no"}},{"type": "Feature", "geometry": {"type":"Polygon","coordinates":[[[93.6935309,27.1072096],[93.6936918,27.1071332],[93.6938098,27.107348],[93.6936623,27.107403],[93.6935309,27.1072096]]]}, "properties": {"osm_id": 357361706, "osm_type": "ways_poly", "amenity": "fire_station", "name": "Fire Station", "building": "yes", "emergency": null}},{"type": "Feature", "geometry": {"type":"Polygon","coordinates":[[[91.5089275,26.8003612],[91.5090437,26.8002634],[91.5090927,26.8003097],[91.5089766,26.8004076],[91.5089275,26.8003612]]]}, "properties": {"osm_id": 442147208, "osm_type": "ways_poly", "amenity": null, "name": null, "building": "garage", "emergency": "ambulance_station"}},{"type": "Feature", "geometry": {"type":"Polygon","coordinates":[[[94.21125,26.7552824],[94.2113192,26.7548345],[94.2115157,26.7548553],[94.21144,26.7553076],[94.21125,26.7552824]]]}, "properties": {"osm_id": 358944931, "osm_type": "ways_poly", "amenity": "police", "name": "Jorhat People Friendly Police Station", "building": null, "emergency": null}},{"type": "Feature", "geometry": {"type":"Polygon","coordinates":[[[94.7041346,27.6582629],[94.7041486,27.6581565],[94.7044356,27.6581862],[94.7044216,27.6582926],[94.7041346,27.6582629]]]}, "properties": {"osm_id": 1042225103, "osm_type": "ways_poly", "amenity": "police", "name": "Likabali Police Station", "building": "yes", "emergency": null}},{"type": "Feature", "geometry": {"type":"Polygon","coordinates":[[[91.2447166,26.8209016],[91.2449151,26.8200208],[91.245017,26.8197144],[91.2453496,26.8194846],[91.2455749,26.8195037],[91.2459505,26.8199059],[91.2462509,26.8200543],[91.2468034,26.8204181],[91.2457681,26.8213325],[91.2447166,26.8209016]]]}, "properties": {"osm_id": 499900578, "osm_type": "ways_poly", "amenity": "police", "name": null, "building": null, "emergency": null}},{"type": "Feature", "geometry": {"type":"Polygon","coordinates":[[[90.2647913,26.8672115],[90.2653096,26.8669408],[90.2655011,26.8668783],[90.265828,26.8667741],[90.2661362,26.8667408],[90.2662119,26.8668437],[90.2662187,26.8673931],[90.2661993,26.8677804],[90.2662109,26.8679531],[90.2660148,26.8680114],[90.2657953,26.8679906],[90.265361,26.8680489],[90.2651742,26.8680031],[90.2650248,26.8678989],[90.2647913,26.8672115]]]}, "properties": {"osm_id": 440892078, "osm_type": "ways_poly", "amenity": "police", "name": "Royal Bhutan Police, Sarpang", "building": null, "emergency": null}},{"type": "Feature", "geometry": {"type":"Polygon","coordinates":[[[90.9683992,26.4976548],[90.9701987,26.4975418],[90.9702303,26.498104],[90.9684087,26.4981634],[90.9683992,26.4976548]]]}, "properties": {"osm_id": 837320495, "osm_type": "ways_poly", "amenity": "police", "name": "Barpeta Road Police Thana", "building": "yes", "emergency": null}},{"type": "Feature", "geometry": {"type":"Polygon","coordinates":[[[90.7044576,26.49608],[90.7050477,26.4960397],[90.7051013,26.4964737],[90.7047252,26.4964589],[90.7044662,26.4964487],[90.7044576,26.49608]]]}, "properties": {"osm_id": 932827985, "osm_type": "ways_poly", "amenity": "police", "name": null, "building": "yes", "emergency": null}},{"type": "Feature", "geometry": {"type":"Polygon","coordinates":[[[90.9676605,26.8492175],[90.9678322,26.8491672],[90.9678761,26.8492865],[90.9677044,26.8493368],[90.9676605,26.8492175]]]}, "properties": {"osm_id": 970738964, "osm_type": "ways_poly", "amenity": "police", "name": "Panbang Police Station", "building": "yes", "emergency": null}},{"type": "Feature", "geometry": {"type":"Polygon","coordinates":[[[90.4886413,26.8696181],[90.4886463,26.8696039],[90.4886598,26.869591],[90.4886784,26.8695854],[90.4886979,26.8695882],[90.4887136,26.8695988],[90.4887216,26.8696135],[90.4887216,26.8696298],[90.4887136,26.8696445],[90.4886992,26.8696545],[90.4886814,26.869658],[90.488665,26.8696547],[90.4886515,26.8696459],[90.4886431,26.869633],[90.4886413,26.8696181]]]}, "properties": {"osm_id": 1198804907, "osm_type": "ways_poly", "amenity": null, "name": null, "building": null, "emergency": "water_tank"}},{"type": "Feature", "geometry": {"type":"Polygon","coordinates":[[[90.5061757,27.5072086],[90.5061758,27.5071901],[90.506185,27.5071734],[90.5062015,27.5071619],[90.5062219,27.5071579],[90.5062423,27.5071621],[90.5062586,27.5071738],[90.5062676,27.5071905],[90.5062674,27.5072091],[90.5062582,27.5072258],[90.5062418,27.5072373],[90.5062214,27.5072413],[90.506201,27.5072371],[90.5061847,27.5072254],[90.5061757,27.5072086]]]}, "properties": {"osm_id": 1062631500, "osm_type": "ways_poly", "amenity": null, "name": null, "building": "yes", "emergency": "water_tank"}},{"type": "Feature", "geometry": {"type":"Polygon","coordinates":[[[94.7264102,27.5859245],[94.7264336,27.5858225],[94.726612,27.5858548],[94.7265886,27.5859568],[94.7264102,27.5859245]]]}, "properties": {"osm_id": 1046918577, "osm_type": "ways_poly", "amenity": "police", "name": "Silapathar Police Station", "building": "yes", "emergency": null}},{"type": "Feature", "geometry": {"type":"Polygon","coordinates":[[[90.8189295,27.1651538],[90.8189416,27.1649832],[90.8190447,27.164989],[90.8190326,27.1651596],[90.8189295,27.1651538]]]}, "properties": {"osm_id": 974450256, "osm_type": "ways_poly", "amenity": "hospital", "name": "Buli Hospital", "building": "hospital", "emergency": "yes"}},{"type": "Feature", "geometry": {"type":"Polygon","coordinates":[[[93.6932787,27.1073433],[93.6935094,27.1072096],[93.6937427,27.1075558],[93.6934262,27.107699],[93.6932787,27.1073433]]]}, "properties": {"osm_id": 357361565, "osm_type": "ways_poly", "amenity": "police", "name": "Police Station", "building": "yes", "emergency": null}},{"type": "Feature", "geometry": {"type":"Polygon","coordinates":[[[90.3933734,24.5815685],[90.3933761,24.5814709],[90.393545,24.5814782],[90.3935464,24.5814282],[90.393647,24.5814295],[90.3936443,24.5815612],[90.3935906,24.5815612],[90.3935906,24.5816087],[90.3934123,24.5815965],[90.3934136,24.5815697],[90.3933734,24.5815685]]]}, "properties": {"osm_id": 538955409, "osm_type": "ways_poly", "amenity": "police", "name": "Trishal Police Station ত্রিশাল থানা", "building": "yes", "emergency": null}},{"type": "Feature", "geometry": {"type":"Polygon","coordinates":[[[91.9293423,24.6785025],[91.9296272,24.6784971],[91.9296363,24.6788884],[91.9293513,24.6788938],[91.9293423,24.6785025]]]}, "properties": {"osm_id": 497980330, "osm_type": "ways_poly", "amenity": "fire_station", "name": "Fenchuganj Fire Station", "building": "yes", "emergency": null}},{"type": "Feature", "geometry": {"type":"Polygon","coordinates":[[[91.4155635,24.3733648],[91.4156177,24.3731561],[91.4156682,24.3730246],[91.4157963,24.3730164],[91.4159046,24.3730016],[91.4160345,24.3730476],[91.4161518,24.3731429],[91.4162402,24.3732103],[91.4162492,24.373304],[91.4162691,24.3733862],[91.416242,24.3734519],[91.4161951,24.3734552],[91.4160616,24.3734421],[91.4157981,24.3734075],[91.4155635,24.3733648]]]}, "properties": {"osm_id": 875202336, "osm_type": "ways_poly", "amenity": "police", "name": "Model Police Station, Habiganj", "building": "yes", "emergency": null}},{"type": "Feature", "geometry": {"type":"Polygon","coordinates":[[[91.4208613,24.3637792],[91.4211695,24.3637877],[91.4211601,24.3639323],[91.4208613,24.3639281],[91.4208613,24.3637792]]]}, "properties": {"osm_id": 626882083, "osm_type": "ways_poly", "amenity": "police", "name": "office of the Superintendent of Police (SP) Habiganj", "building": "yes", "emergency": null}},{"type": "Feature", "geometry": {"type":"Polygon","coordinates":[[[91.7658235,24.4824577],[91.7659804,24.4824544],[91.7659843,24.4826062],[91.7659618,24.4826067],[91.7659632,24.4826603],[91.7659004,24.4826616],[91.7658997,24.4826366],[91.7658282,24.4826381],[91.7658235,24.4824577]]]}, "properties": {"osm_id": 538463188, "osm_type": "ways_poly", "amenity": "fire_station", "name": "Moulvibazar Fire Service", "building": "yes", "emergency": null}},{"type": "Feature", "geometry": {"type":"Polygon","coordinates":[[[91.7372001,24.3318873],[91.738531,24.33161],[91.7389716,24.3327813],[91.7374227,24.3331083],[91.7372001,24.3318873]]]}, "properties": {"osm_id": 224494108, "osm_type": "ways_poly", "amenity": "hospital", "name": "Sreemangal Labour Hospital", "building": null, "emergency": "yes"}},{"type": "Feature", "geometry": {"type":"Polygon","coordinates":[[[91.8093775,26.1352715],[91.8093832,26.134998],[91.8094673,26.1349994],[91.8094667,26.1350277],[91.8095034,26.1350283],[91.8095195,26.1350285],[91.8095188,26.1350627],[91.8095712,26.1350636],[91.8095668,26.1352747],[91.8093775,26.1352715]]]}, "properties": {"osm_id": 737297468, "osm_type": "ways_poly", "amenity": null, "name": "Rahman Hospitals Private Limited", "building": "hospital", "emergency": "yes"}},{"type": "Feature", "geometry": {"type":"Polygon","coordinates":[[[95.3189501,27.3563593],[95.3195292,27.3559724],[95.3199366,27.3564971],[95.3193221,27.3568532],[95.3189501,27.3563593]]]}, "properties": {"osm_id": 83797865, "osm_type": "ways_poly", "amenity": "fire_station", "name": null, "building": null, "emergency": null}},{"type": "Feature", "geometry": {"type":"Polygon","coordinates":[[[90.1227779,27.0103248],[90.1228616,27.0102797],[90.1229297,27.0103801],[90.1228459,27.0104252],[90.1227779,27.0103248]]]}, "properties": {"osm_id": 996954507, "osm_type": "ways_poly", "amenity": "police", "name": "Tsirang Police Station", "building": "yes", "emergency": null}},{"type": "Feature", "geometry": {"type":"Polygon","coordinates":[[[90.3974876,26.9204217],[90.397579,26.9200524],[90.3976449,26.9198011],[90.3977213,26.9196454],[90.3981095,26.9194367],[90.3982079,26.9191584],[90.3984304,26.9186966],[90.39876,26.9183098],[90.3992501,26.9180513],[90.3993394,26.9178468],[90.3994822,26.9175168],[90.3995828,26.9172541],[90.3997227,26.9167651],[90.3997764,26.9165223],[90.4000129,26.916002],[90.4003445,26.9156254],[90.4005644,26.9153592],[90.4008219,26.9150723],[90.401023,26.9149103],[90.4011447,26.9147897],[90.4013407,26.9148608],[90.4014599,26.9147012],[90.4017209,26.9148142],[90.4018407,26.9146617],[90.4022292,26.9142834],[90.4027479,26.9140969],[90.4031122,26.9140808],[90.403594,26.913711],[90.4044113,26.9131517],[90.4052095,26.9127861],[90.4057844,26.9125545],[90.4060276,26.9123841],[90.4064066,26.9120141],[90.4065563,26.9119102],[90.4071733,26.9116405],[90.4074765,26.9118367],[90.4074479,26.9120949],[90.4080194,26.9122982],[90.4081358,26.9124233],[90.4082947,26.912386],[90.4084676,26.912328],[90.4087244,26.9123867],[90.4090412,26.912712],[90.4087327,26.9128531],[90.4081902,26.9132479],[90.4079609,26.913464],[90.407727,26.9136718],[90.4074511,26.9138422],[90.4072459,26.9137169],[90.4068718,26.9139536],[90.406373,26.9141861],[90.4058568,26.9148259],[90.4057194,26.9151363],[90.4053976,26.9155086],[90.4051964,26.9157415],[90.4047662,26.9159823],[90.4045415,26.9162443],[90.4044389,26.9161817],[90.4042563,26.9164187],[90.4041394,26.9165143],[90.4037601,26.9169843],[90.4036245,26.9170757],[90.4034001,26.9172127],[90.4031337,26.9173122],[90.4030539,26.9174745],[90.4029743,26.9175701],[90.402572,26.9179234],[90.4021131,26.9185056],[90.4018088,26.9188923],[90.4014064,26.9192873],[90.4009105,26.9197612],[90.400443,26.9200103],[90.4001158,26.9201305],[90.3997793,26.9202175],[90.3996531,26.9202922],[90.3994615,26.9204001],[90.3992416,26.9205622],[90.399186,26.9206319],[90.3983571,26.9205183],[90.3978876,26.9204434],[90.3979617,26.92021],[90.3976234,26.9205085],[90.3975219,26.9205636],[90.3974876,26.9204217]]]}, "properties": {"osm_id": 440893752, "osm_type": "ways_poly", "amenity": "police", "name": "Jigmeling Police Training Centre", "building": null, "emergency": null}},{"type": "Feature", "geometry": {"type":"Polygon","coordinates":[[[90.5197,25.0900323],[90.5197161,25.0897675],[90.5199562,25.0897688],[90.5199468,25.0900372],[90.5197,25.0900323]]]}, "properties": {"osm_id": 540132667, "osm_type": "ways_poly", "amenity": "police", "name": "Dhobaura Police Station", "building": "yes", "emergency": null}},{"type": "Feature", "geometry": {"type":"Polygon","coordinates":[[[90.5288042,27.1792453],[90.5288585,27.1791553],[90.5290859,27.1792639],[90.5290315,27.1793539],[90.5288042,27.1792453]]]}, "properties": {"osm_id": 910448266, "osm_type": "ways_poly", "amenity": "hospital", "name": "Korphoog BHU", "building": null, "emergency": "no"}},{"type": "Feature", "geometry": {"type":"Polygon","coordinates":[[[91.452012,24.2687871],[91.4521756,24.2685621],[91.4525457,24.2687871],[91.452358,24.2690096],[91.452012,24.2687871]]]}, "properties": {"osm_id": 532917518, "osm_type": "ways_poly", "amenity": "fire_station", "name": "Shayestaganj Fire Service & Civil Defence Station", "building": "yes", "emergency": null}},{"type": "Feature", "geometry": {"type":"Polygon","coordinates":[[[91.4159996,24.3704196],[91.4164234,24.370383],[91.416469,24.3706688],[91.4163697,24.3707959],[91.4162517,24.3708692],[91.4160801,24.3709156],[91.4159996,24.3704196]]]}, "properties": {"osm_id": 626875030, "osm_type": "ways_poly", "amenity": "fire_station", "name": "Habiganj Fire Service and Civil Defense", "building": "yes", "emergency": null}},{"type": "Feature", "geometry": {"type":"Polygon","coordinates":[[[90.3829297,24.4457636],[90.3829484,24.4455756],[90.3830383,24.4455829],[90.3830182,24.4457782],[90.3829297,24.4457636]]]}, "properties": {"osm_id": 538939427, "osm_type": "ways_poly", "amenity": "police", "name": "Bhoradoba Police Station", "building": "yes", "emergency": null}},{"type": "Feature", "geometry": {"type":"Polygon","coordinates":[[[91.4246688,27.0292966],[91.4247439,27.0291986],[91.4248498,27.029263],[91.4247747,27.029361],[91.4246688,27.0292966]]]}, "properties": {"osm_id": 974109965, "osm_type": "ways_poly", "amenity": "police", "name": "RBP old Office", "building": "yes", "emergency": null}},{"type": "Feature", "geometry": {"type":"Polygon","coordinates":[[[89.8351074,24.9821338],[89.8372784,24.9815029],[89.8373535,24.9819223],[89.8374207,24.9823488],[89.8374721,24.9826535],[89.8367168,24.9827503],[89.8354436,24.9829331],[89.8351074,24.9821338]]]}, "properties": {"osm_id": 266617126, "osm_type": "ways_poly", "amenity": "hospital", "name": "Melandaha Upazilla Health Complex", "building": "yes", "emergency": "yes"}},{"type": "Feature", "geometry": {"type":"Polygon","coordinates":[[[91.8803511,25.5675997],[91.8806707,25.5674641],[91.8806631,25.5674496],[91.8807497,25.5674129],[91.8807614,25.5674353],[91.8810273,25.5673224],[91.8810552,25.5673759],[91.880785,25.5674906],[91.8808182,25.5675544],[91.8810975,25.5674358],[91.8811322,25.5675023],[91.8808639,25.5676162],[91.8808964,25.5676786],[91.8811684,25.5675632],[91.8812366,25.567694],[91.8809235,25.567827],[91.8809943,25.5679629],[91.8812364,25.5678601],[91.8812008,25.5677918],[91.8812905,25.5677537],[91.8813236,25.5678172],[91.8813637,25.5678001],[91.8814245,25.5679166],[91.8810584,25.568072],[91.8810793,25.5681119],[91.8806372,25.5682996],[91.8806124,25.5682521],[91.8806458,25.5682379],[91.8805603,25.5680739],[91.880624,25.5680468],[91.8806478,25.5680925],[91.8809033,25.567984],[91.8808171,25.5678188],[91.8805483,25.5679329],[91.8805038,25.5678476],[91.8808019,25.567721],[91.8807698,25.5676596],[91.8804801,25.5677826],[91.8804447,25.5677148],[91.8807439,25.5675878],[91.8807046,25.5675125],[91.880378,25.5676512],[91.8803511,25.5675997]],[[91.8806871,25.5681447],[91.8807159,25.5681998],[91.8809326,25.5681076],[91.8809038,25.5680526],[91.8806871,25.5681447]]]}, "properties": {"osm_id": 3667017, "osm_type": "relations", "amenity": null, "name": null, "building": "hospital", "emergency": "yes"}},{"type": "Feature", "geometry": {"type":"Polygon","coordinates":[[[91.9392723,25.5912675],[91.9392883,25.5912385],[91.9393067,25.5912105],[91.9393416,25.5912009],[91.9393684,25.5912105],[91.9394738,25.5911074],[91.9396708,25.590911],[91.9398244,25.5910219],[91.9399509,25.590895],[91.9397887,25.5907708],[91.9398512,25.590705],[91.9400202,25.5905453],[91.9399441,25.5904909],[91.9399105,25.5905246],[91.9398845,25.5904985],[91.9398577,25.5905275],[91.9398281,25.5905023],[91.9398107,25.5905248],[91.9397592,25.5905013],[91.9397289,25.5904665],[91.93971,25.5904304],[91.9397139,25.5903728],[91.939732,25.5903246],[91.9397606,25.590293],[91.9398023,25.5902684],[91.9398545,25.5902513],[91.9399148,25.5902602],[91.939958,25.5902808],[91.939984,25.5903128],[91.9400003,25.5903551],[91.9399839,25.5903871],[91.9400258,25.5904245],[91.9400464,25.5904012],[91.9400763,25.5903894],[91.9401104,25.5903945],[91.9401405,25.5904218],[91.9401463,25.5904679],[91.9401794,25.5904983],[91.940233,25.5904451],[91.9403133,25.590508],[91.9404426,25.5903543],[91.9403244,25.5902633],[91.9402917,25.5902405],[91.940335,25.5901938],[91.9403561,25.5902129],[91.940411,25.5901557],[91.9403793,25.5901233],[91.9404036,25.5901033],[91.9403488,25.5900463],[91.9405089,25.5900415],[91.9404823,25.5900782],[91.9405092,25.5901138],[91.940526,25.5900954],[91.9406429,25.5902007],[91.9406708,25.5901243],[91.9407038,25.590108],[91.9407567,25.590111],[91.94079,25.5901355],[91.9408025,25.5901845],[91.9407924,25.5902223],[91.9407698,25.5902446],[91.9407418,25.590253],[91.9406913,25.590252],[91.9407482,25.5903046],[91.9407598,25.5902918],[91.941001,25.5905235],[91.9409601,25.590567],[91.941,25.5906026],[91.9409134,25.5906929],[91.9408576,25.5906446],[91.9408361,25.5906688],[91.9409521,25.5907632],[91.9410099,25.5906981],[91.9414208,25.5910435],[91.941077,25.5914065],[91.94081,25.5911748],[91.9405476,25.5914307],[91.9404854,25.5913729],[91.940364,25.5914888],[91.9402965,25.5914228],[91.940397,25.5913193],[91.940178,25.5911482],[91.9399372,25.5913881],[91.9399746,25.5914258],[91.9398967,25.5915251],[91.9400088,25.5916163],[91.939866,25.5917558],[91.9395505,25.591467],[91.939478,25.5915371],[91.9394234,25.5915965],[91.9393881,25.5916349],[91.9392946,25.5915617],[91.9393273,25.5915275],[91.939406,25.5914452],[91.9394225,25.5914538],[91.9394466,25.5914199],[91.9392723,25.5912675]],[[91.9403533,25.5906446],[91.9403935,25.5906833],[91.9404552,25.5906301],[91.9406993,25.5908212],[91.9408334,25.5909228],[91.9409085,25.590843],[91.9408924,25.5908188],[91.9409245,25.5907778],[91.9407556,25.5906446],[91.9407959,25.5905938],[91.9407449,25.5905672],[91.9407154,25.5905454],[91.9406993,25.5905237],[91.9406752,25.5904995],[91.9406564,25.5904729],[91.9406269,25.5905019],[91.9405464,25.5904438],[91.9403533,25.5906446]],[[91.9408686,25.5911516],[91.9409646,25.5912267],[91.9410094,25.5911802],[91.9410507,25.5912125],[91.9412351,25.5910208],[91.9410609,25.5908845],[91.9408693,25.5910837],[91.9409062,25.5911125],[91.9408686,25.5911516]]]}, "properties": {"osm_id": 3629378, "osm_type": "relations", "amenity": "public_building", "name": "NEIGRIHMS", "building": "yes", "emergency": "yes"}}]}